Workbook
Name NAV_CG: 'PAINEL - CG'!#REF!
Name NAV_CG: 'PAINEL - HPLC'!#REF!
Name NAV_CG: 'PAINEL - BANCADA'!#REF!
Name NAV_CTRL: 'PAINEL - CG'!#REF!
Name NAV_CTRL: 'PAINEL - HPLC'!#REF!
Name NAV_CTRL: 'PAINEL - BANCADA'!#REF!
Name NAV_EXCIP: 'PAINEL - CG'!#REF!
Name NAV_EXCIP: 'PAINEL - HPLC'!#REF!
Name NAV_EXCIP: 'PAINEL - BANCADA'!#REF!
Name NAV_FAST: 'PAINEL - CG'!#REF!
Name NAV_FAST: 'PAINEL - HPLC'!#REF!
Name NAV_FAST: 'PAINEL - BANCADA'!#REF!
Name NAV_FAST_EQUIP: 'PAINEL - BANCADA'!#REF!
Name NAV_HOJE: 'PAINEL - CG'!$M$4
Name NAV_HOJE: 'PAINEL - HPLC'!$M$4
Name NAV_HOJE: 'PAINEL - BANCADA'!$N$4
Name NAV_HPLC: 'PAINEL - CG'!#REF!
Name NAV_HPLC: 'PAINEL - HPLC'!#REF!
Name NAV_HPLC: 'PAINEL - BANCADA'!#REF!
Name NAV_IFA: 'PAINEL - CG'!#REF!
Name NAV_IFA: 'PAINEL - HPLC'!#REF!
Name NAV_IFA: 'PAINEL - BANCADA'!#REF!
Name NAV_TOPO: 'PAINEL - CG'!$C$4
Name NAV_TOPO: 'PAINEL - HPLC'!$C$4
Name NAV_TOPO: 'PAINEL - BANCADA'!$C$4
Name NAV_UV: 'PAINEL - CG'!#REF!
Name NAV_UV: 'PAINEL - HPLC'!#REF!
Name NAV_UV: 'PAINEL - BANCADA'!#REF!

Sheet QUARENTENA
A1: *Cole abaixo os dados atualizados do BI de quarentena MP | J1: Link Power BI
A2: Centro | B2: Codigo_MP | C2: Depósito | D2: Lote | F2: QtdeNecessariaPCP | G2: Dt_Recebimento_Amostra | H2: Dt_Fim_Analise | I2: Status | J2: Tipo_Demanda | K2: Estorno | L2: Lote_Duplicado | M2: Dt_Liberacao
A3: 2010 | B3: 210308 | C3: 3000 | D3: 10002026 | E3: DIOXIDO SILICIO | F3: 360 | G3: 46247 | H3: 46253 | I3: DU APROVADO | K3: FALSE | M3: 46253
A4: 5001 | B4: 465346 | C4: 3000 | D4: 100112023 | E4: PREDNISOLONA 2 | F4: 200000 | G4: 45897 | H4: 45906 | I4: DU APROVADO | K4: FALSE | L4: TRANSFERÊNCIA | M4: 45908
A5: 2010 | B5: 460298 | C5: 3000 | D5: 10012026 | E5: GOMA GUAR HIGUM 55-I | F5: 200 | G5: 46246 | H5: 46252 | I5: DU APROVADO | K5: FALSE | M5: 46252
A6: 5001 | B6: 465346 | C6: 3000 | D6: 100122023 | E6: PREDNISOLONA 2 | F6: 250000 | G6: 45896 | H6: 45910 | I6: DU APROVADO | K6: FALSE | L6: TRANSFERÊNCIA | M6: 45910
A7: 2010 | B7: 454445 | C7: 3000 | D7: 10022026 | E7: SORBATO POTASSIO | F7: 125 | G7: 46246 | H7: 46252 | I7: DU APROVADO | K7: FALSE | M7: 46252
A8: 5001 | B8: 410385 | C8: 3000 | D8: 100222026 | E8: TIBOLONA MICRONIZADA NEO | F8: 6 | I8: AG. AMOSTRA | K8: FALSE
A9: 2010 | B9: 212225 | C9: 3000 | D9: 10032026 | E9: BENZOATO SODIO | F9: 200 | G9: 46246 | H9: 46252 | I9: DU APROVADO | K9: FALSE | M9: 46252
A10: 2010 | B10: 457673 | C10: 3000 | D10: 10072026 | E10: BISGLICINATO FERRO 20% | F10: 360 | G10: 46247 | H10: 46248 | I10: DU APROVADO | K10: FALSE | M10: 46248
A11: 2010 | B11: 210206 | C11: 3000 | D11: 10082026 | E11: CICLAMATO SODIO | F11: 1 | G11: 46247 | H11: 46247 | I11: DU APROVADO | K11: FALSE | M11: 46247
A12: 2010 | B12: 210206 | C12: 3000 | D12: 10092026 | E12: CICLAMATO SODIO | F12: 5 | G12: 46247 | H12: 46247 | I12: DU APROVADO | K12: FALSE | M12: 46247
A13: 5001 | B13: 463212 | C13: 3000 | D13: 100952026 | E13: HYDRAFENCE | F13: 3 | G13: 46189 | H13: 46191 | I13: DU APROVADO | K13: FALSE | M13: 46191
A14: 5001 | B14: 463212 | C14: 3000 | D14: 100962026 | E14: HYDRAFENCE | F14: 45 | G14: 46189 | H14: 46191 | I14: DU APROVADO | K14: FALSE | M14: 46191
A15: 5001 | B15: 438103 | C15: 3000 | D15: 101022026 | E15: E OXIDO DE FE VERMELHO AQR0401 MTCD | F15: 5 | G15: 46162 | H15: 46167 | I15: DU APROVADO | K15: FALSE | M15: 46167
A16: 5001 | B16: 461957 | C16: 3000 | D16: 101112026 | E16: DIMETICONA | F16: 126 | G16: 46216 | H16: 46231 | I16: DU APROVADO | K16: FALSE | M16: 46232
A17: 5001 | B17: 452975 | C17: 3000 | D17: 101122026 | E17: E SEPIPLUS 400 MTCD | F17: 30 | G17: 46162 | H17: 46164 | I17: DU APROVADO | K17: FALSE | M17: 46164
A18: 5001 | B18: 452975 | C18: 3000 | D18: 101132026 | E18: E SEPIPLUS 400 MTCD | F18: 30 | G18: 46162 | H18: 46164 | I18: DU APROVADO | K18: FALSE | M18: 46164
A19: 5001 | B19: 443705 | C19: 3000 | D19: 101152026 | E19: CLORETO SODIO | F19: 50 | G19: 46199 | H19: 46209 | I19: DU APROVADO | K19: FALSE | M19: 46209
A20: 5001 | B20: 410072 | C20: 3000 | D20: 101222026 | E20: BASE POLIETILENO PETROLATO NEO | F20: 640 | I20: AG. AMOSTRA | K20: FALSE
A21: 2010 | B21: 211904 | C21: 3000 | D21: 10152026 | E21: SORBITOL 70 TANQUE | F21: 32 | G21: 46248 | H21: 46248 | I21: DU APROVADO | K21: FALSE | M21: 46248
A22: 5001 | B22: 410548 | C22: 3000 | D22: 101522025 | E22: DOMPERIDONA NEO | F22: 60 | G22: 45789 | H22: 45903 | I22: DU APROVADO | K22: FALSE | M22: 45903
A23: 5001 | B23: 410548 | C23: 3000 | D23: 101532025 | E23: DOMPERIDONA NEO | F23: 60 | G23: 45789 | H23: 45903 | I23: DU APROVADO | K23: FALSE | M23: 45903
A24: 5001 | B24: 410548 | C24: 3000 | D24: 101542025 | E24: DOMPERIDONA NEO | F24: 62 | G24: 45789 | H24: 45903 | I24: DU APROVADO | K24: FALSE | M24: 45903
A25: 2017 | B25: 461298 | C25: 3010 | D25: 10162026 | E25: AQUARIUS PRIME BKT517004 BLUE | F25: 50 | I25: AG. AMOSTRA | K25: FALSE
A26: 2017 | B26: 461298 | C26: 3010 | D26: 10172026 | E26: AQUARIUS PRIME BKT517004 BLUE | F26: 50 | I26: AG. AMOSTRA | K26: FALSE
A27: 5001 | B27: 457350 | C27: 3000 | D27: 101792026 | E27: LEVOMENTOL | F27: 25 | G27: 46213 | H27: 46220 | I27: DU APROVADO | K27: FALSE | M27: 46220
A28: 5001 | B28: 457350 | C28: 3000 | D28: 101802026 | E28: LEVOMENTOL | F28: 25 | G28: 46212 | H28: 46220 | I28: DU APROVADO | K28: FALSE | M28: 46220
A29: 2017 | B29: 471654 | C29: 3010 | D29: 10192026 | E29: OXIDO ZINCO AL | F29: 100 | G29: 46214 | H29: 46220 | I29: DU APROVADO | K29: FALSE | M29: 46220
A30: 5001 | B30: 410000 | C30: 3000 | D30: 101952026 | E30: ESSENCIA DE BAUNILHA HIDROSS REF 501 NEO | F30: 22 | G30: 46182 | H30: 46184 | I30: DU APROVADO | K30: FALSE | M30: 46185
A31: 5001 | B31: 409970 | C31: 3000 | D31: 101972026 | E31: BENZOATO DE SODIO NEO | F31: 750 | G31: 46161 | H31: 46174 | I31: DU APROVADO | K31: FALSE | M31: 46174
A32: 5001 | B32: 410018 | C32: 3000 | D32: 102082026 | E32: POLIETILENOGLICOL 400 CARBOWAX 400 NEO | F32: 2 | I32: AG. AMOSTRA | K32: FALSE
A33: 5001 | B33: 460361 | C33: 3000 | D33: 102112026 | E33: CETIOL ULTIMATE | F33: 310 | G33: 46172 | H33: 46175 | I33: DU APROVADO | K33: FALSE | M33: 46175
A34: 5001 | B34: 473869 | C34: 3000 | D34: 102392023 | E34: ACIDO ASCORBICO QF | G34: 45878 | H34: 45902 | I34: DU APROVADO | K34: FALSE | L34: REVALIDAÇÃO | M34: 45902
A35: 5001 | B35: 478553 | C35: 3000 | D35: 102412026 | E35: PARACETAMOL QF3 | F35: 100 | I35: AG. AMOSTRA | K35: FALSE
A36: 5001 | B36: 478553 | C36: 3000 | D36: 102422026 | E36: PARACETAMOL QF3 | F36: 100 | I36: AG. AMOSTRA | K36: FALSE
A37: 5001 | B37: 478553 | C37: 3000 | D37: 102432026 | E37: PARACETAMOL QF3 | F37: 100 | I37: AG. AMOSTRA | K37: FALSE
A38: 5001 | B38: 478553 | C38: 3000 | D38: 102442026 | E38: PARACETAMOL QF3 | F38: 100 | I38: AG. AMOSTRA | K38: FALSE
A39: 5001 | B39: 422388 | C39: 3000 | D39: 102452023 | E39: DIPIRONA MONOIDRATADA | F39: 3125 | I39: AG. AMOSTRA | K39: TRUE
A40: 5001 | B40: 422388 | C40: 3000 | D40: 102462023 | E40: DIPIRONA MONOIDRATADA | F40: 3100 | I40: AG. AMOSTRA | K40: TRUE
A41: 5001 | B41: 410535 | C41: 3000 | D41: 102562023 | E41: CITRATO SILDENAFILA NEO | F41: 450 | I41: AG. AMOSTRA | K41: FALSE
A42: 5001 | B42: 410535 | C42: 3000 | D42: 102572023 | E42: CITRATO SILDENAFILA NEO | F42: 450 | I42: AG. AMOSTRA | K42: FALSE
A43: 5001 | B43: 410535 | C43: 3000 | D43: 102582023 | E43: CITRATO SILDENAFILA NEO | F43: 450 | I43: AG. AMOSTRA | K43: FALSE
A44: 5001 | B44: 410535 | C44: 3000 | D44: 102592023 | E44: CITRATO SILDENAFILA NEO | F44: 450 | I44: AG. AMOSTRA | K44: FALSE
A45: 5001 | B45: 410535 | C45: 3000 | D45: 102602023 | E45: CITRATO SILDENAFILA NEO | F45: 450 | I45: AG. AMOSTRA | K45: FALSE
A46: 5001 | B46: 410535 | C46: 3000 | D46: 102612023 | E46: CITRATO SILDENAFILA NEO | F46: 150 | I46: AG. AMOSTRA | K46: FALSE
A47: 2017 | B47: 471678 | C47: 3010 | D47: 10282024 | E47: HIDROXIPROPILMETILCELULOSE AL | F47: 50 | G47: 46218 | H47: 46224 | I47: DU APROVADO | K47: FALSE | M47: 46224
A48: 5001 | B48: 422224 | C48: 3000 | D48: 102872026 | E48: SACAROSE | F48: 25 | I48: AG. AMOSTRA | K48: TRUE
A49: 2010 | B49: 465256 | C49: 3000 | D49: 10312026 | E49: FIBRA DE PSYLLIUM AL | F49: 275 | G49: 46254 | H49: 46260 | I49: DU APROVADO | K49: FALSE | M49: 46260
A50: 5001 | B50: 410350 | C50: 3000 | D50: 103152026 | E50: PREDNISONA NEO | F50: 100 | G50: 46218 | H50: 46228 | I50: DU APROVADO | K50: FALSE | M50: 46228
A51: 2010 | B51: 439695 | C51: 3000 | D51: 10322026 | E51: MALTODEXTRINA GLOBE A 1910 | F51: 4 | G51: 46255 | H51: 46265 | I51: DU APROVADO | K51: FALSE | M51: 46265
A52: 2010 | B52: 210808 | C52: 3000 | D52: 10332026 | E52: ACIDO BENZOICO | F52: 800 | G52: 46253 | H52: 46260 | I52: DU APROVADO | K52: FALSE | M52: 46260
A53: 5001 | B53: 449633 | C53: 3000 | D53: 103412026 | E53: ETIQ LACRE 24X20MM MTC FM1 | F53: 40 | I53: AG. AMOSTRA | K53: FALSE
A54: 2017 | B54: 463148 | C54: 3010 | D54: 10342022 | E54: HIDROXIMETILBUTIRATO CALCIO AL | F54: 2000 | G54: 46197 | H54: 46198 | I54: DU APROVADO | K54: FALSE | L54: REVALIDAÇÃO | M54: 46199
A55: 2010 | B55: 463129 | C55: 3000 | D55: 10342026 | E55: ACIDO FUMARICO AL | F55: 75 | G55: 46254 | H55: 46260 | I55: DU APROVADO | K55: FALSE | M55: 46260
A56: 2010 | B56: 459670 | C56: 3000 | D56: 10352026 | E56: XILITOL CRISTAL | F56: 7 | G56: 46254 | H56: 46260 | I56: DU APROVADO | K56: FALSE | M56: 46260
A57: 2010 | B57: 210206 | C57: 3000 | D57: 10362026 | E57: CICLAMATO SODIO | F57: 10 | G57: 46255 | H57: 46255 | I57: DU APROVADO | K57: FALSE | M57: 46255
A58: 2010 | B58: 210206 | C58: 3000 | D58: 10372026 | E58: CICLAMATO SODIO | F58: 10 | G58: 46255 | H58: 46255 | I58: DU APROVADO | K58: FALSE | M58: 46255
A59: 2010 | B59: 210206 | C59: 3000 | D59: 10392026 | E59: CICLAMATO SODIO | F59: 13 | G59: 46255 | H59: 46255 | I59: DU APROVADO | K59: FALSE | M59: 46255
A60: 5001 | B60: 473220 | C60: 3000 | D60: 103962026 | E60: AROMA DE MENTA LIMAO R2381100 | F60: 50 | G60: 46157 | H60: 46162 | I60: DU APROVADO | K60: FALSE | M60: 46162
A61: 5001 | B61: 465379 | C61: 3000 | D61: 104002026 | E61: ZINCO PIRITIONE 48% DC | F61: 500 | G61: 46157 | H61: 46203 | I61: DU REPROVADO | K61: FALSE | M61: 46203
A62: 2010 | B62: 210206 | C62: 3000 | D62: 10402026 | E62: CICLAMATO SODIO | F62: 7 | G62: 46258 | H62: 46259 | I62: DU APROVADO | K62: FALSE | M62: 46259
A63: 5001 | B63: 410452 | C63: 3000 | D63: 104102026 | E63: NISTATINA GEN NEO | F63: 182 | G63: 46167 | H63: 46172 | I63: DU APROVADO | K63: FALSE | M63: 46172
A64: 5001 | B64: 410452 | C64: 3000 | D64: 104112026 | E64: NISTATINA GEN NEO | F64: 182 | G64: 46167 | H64: 46172 | I64: DU APROVADO | K64: FALSE | M64: 46172
A65: 5001 | B65: 453085 | C65: 3000 | D65: 10432026 | E65: E MANTEIGA CARITE PHYTOLAN MTCD | F65: 234000 | G65: 46056 | H65: 46058 | I65: DU APROVADO | K65: FALSE | M65: 46058
A66: 5001 | B66: 474298 | C66: 3000 | D66: 104322026 | E66: PROPILENOGLICOL | F66: 2 | G66: 46168 | H66: 46172 | I66: DU APROVADO | K66: FALSE | M66: 46174
... A74: 5001 | B74: 464134 | C74: 3000 | D74: 10472026 | E74: FOSFATO DE CALCIO DIBASICO DIIDRATADO PO | F74: 75 | G74: 46048 | H74: 46057 | I74: DU APROVADO | K74: FALSE | M74: 46058
A75: 5001 | B75: 465168 | C75: 3000 | D75: 104742020 | E75: ACIDO AZELAICO 1 | F75: 1 | I75: AG. AMOSTRA | K75: TRUE
A76: 2010 | B76: 459667 | C76: 3000 | D76: 10492026 | E76: ERITRITOL | F76: 3 | G76: 46259 | H76: 46273 | I76: DU APROVADO | K76: FALSE | M76: 46273
A77: 5001 | B77: 475355 | C77: 3000 | D77: 104932026 | E77: BENZOATO DE SODIO | F77: 525 | I77: AG. AMOSTRA | K77: FALSE
A78: 5001 | B78: 438013 | C78: 3000 | D78: 104952026 | E78: E CETILFOSFATO DE POTASSIO MTCD | F78: 200 | G78: 46171 | H78: 46176 | I78: DU APROVADO | K78: FALSE | M78: 46176
A79: 5001 | B79: 438013 | C79: 3000 | D79: 104962026 | E79: E CETILFOSFATO DE POTASSIO MTCD | F79: 200 | G79: 46171 | H79: 46176 | I79: DU APROVADO | K79: FALSE | M79: 46176
A80: 5001 | B80: 477273 | C80: 3000 | D80: 104992026 | E80: CLORIDRATO DE OXIMETAZOLINA | F80: 20 | G80: 46160 | H80: 46220 | I80: DU APROVADO | K80: FALSE | M80: 46233
A81: 2010 | B81: 459667 | C81: 3000 | D81: 10502026 | E81: ERITRITOL | F81: 4 | G81: 46259 | H81: 46267 | I81: DU APROVADO | K81: FALSE | M81: 46267
A82: 5001 | B82: 410057 | C82: 3000 | D82: 105082025 | E82: POLISSORBATO 80 NEO | F82: 225 | G82: 46009 | H82: 46029 | I82: DU APROVADO | K82: FALSE | L82: HOLDING TIME 30 DIAS | M82: 46029
A83: 5001 | B83: 410235 | C83: 3000 | D83: 10512026 | E83: OXIDO DE ZINCO GEN NEO | F83: 5000 | G83: 46050 | H83: 46055 | I83: DU APROVADO | K83: FALSE | M83: 46058
A84: 5001 | B84: 410072 | C84: 3000 | D84: 105142025 | E84: BASE POLIETILENO PETROLATO NEO | F84: 2240 | G84: 45815 | H84: 46060 | I84: DU APROVADO | K84: FALSE | M84: 46060
A85: 5001 | B85: 410072 | C85: 3000 | D85: 105152025 | E85: BASE POLIETILENO PETROLATO NEO | F85: 2720 | G85: 45805 | H85: 45818 | I85: DU APROVADO | K85: FALSE | M85: 45934
A86: 5001 | B86: 410072 | C86: 3000 | D86: 105182025 | E86: BASE POLIETILENO PETROLATO NEO | F86: 2560 | G86: 45813 | H86: 45891 | I86: DU APROVADO | K86: FALSE | M86: 45964
A87: 5001 | B87: 410235 | C87: 3000 | D87: 10522026 | E87: OXIDO DE ZINCO GEN NEO | F87: 2000 | G87: 46052 | H87: 46055 | I87: DU APROVADO | K87: FALSE | M87: 46058
A88: 5001 | B88: 425462 | C88: 3000 | D88: 105342024 | E88: E HIDROXIETILCELULOSE 250HHX MTC | F88: 100 | I88: AG. AMOSTRA | K88: FALSE
A89: 5001 | B89: 425462 | C89: 3000 | D89: 105342024 | E89: E HIDROXIETILCELULOSE 250HHX MTC | F89: 100 | G89: 45968 | H89: 45993 | I89: DU APROVADO | K89: FALSE | L89: REVALIDAÇÃO | M89: 45993
A90: 2010 | B90: 449452 | C90: 3000 | D90: 10542026 | E90: COLAGENO PEPTAN B 2000 LD | F90: 3 | H90: 46267 | I90: DU APROVADO | K90: FALSE | M90: 46267
A91: 5001 | B91: 410049 | C91: 3000 | D91: 105622026 | E91: SORBITOL NEO | F91: 11200 | I91: AG. AMOSTRA | K91: FALSE
A92: 5001 | B92: 410049 | C92: 3000 | D92: 105632026 | E92: SORBITOL NEO | F92: 3360 | I92: AG. AMOSTRA | K92: FALSE
A93: 5001 | B93: 410049 | C93: 3000 | D93: 105642026 | E93: SORBITOL NEO | F93: 2240 | I93: AG. AMOSTRA | K93: FALSE
A94: 5001 | B94: 410049 | C94: 3000 | D94: 105652026 | E94: SORBITOL NEO | F94: 4760 | I94: AG. AMOSTRA | K94: FALSE
A95: 5001 | B95: 410049 | C95: 3000 | D95: 105662026 | E95: SORBITOL NEO | F95: 840 | I95: AG. AMOSTRA | K95: FALSE
A96: 5001 | B96: 481650 | C96: 3000 | D96: 105882019 | E96: OLMESARTANA MEDOXOMILA QF3 | F96: 44 | I96: AG. AMOSTRA | K96: TRUE
A97: 5001 | B97: 481650 | C97: 3000 | D97: 105892019 | E97: OLMESARTANA MEDOXOMILA QF3 | F97: 19 | I97: AG. AMOSTRA | K97: TRUE
A98: 5001 | B98: 481650 | C98: 3000 | D98: 105912019 | E98: OLMESARTANA MEDOXOMILA QF3 | F98: 7 | I98: AG. AMOSTRA | K98: TRUE
A99: 2010 | B99: 463129 | C99: 3000 | D99: 10592026 | E99: ACIDO FUMARICO AL | F99: 75 | G99: 46259 | H99: 46261 | I99: DU APROVADO | K99: FALSE | M99: 46261
A100: 5001 | B100: 422312 | C100: 3000 | D100: 10592026 | E100: POLAWAX | F100: 500 | G100: 46049 | H100: 46051 | I100: DU APROVADO | K100: FALSE | M100: 46058
A101: 2010 | B101: 210032 | C101: 3000 | D101: 10602026 | E101: ACIDO CITRICO ANIDRO F | F101: 350 | G101: 46260 | H101: 46267 | I101: DU APROVADO | K101: FALSE | M101: 46267
A102: 5001 | B102: 464476 | C102: 3000 | D102: 106112025 | E102: CARBOMERO 980 | F102: 40 | G102: 45875 | H102: 45912 | I102: DU APROVADO | K102: FALSE | M102: 45934
A103: 5001 | B103: 410116 | C103: 3000 | D103: 106212026 | E103: METHOCEL K4M PR NEO | F103: 320 | I103: AG. AMOSTRA | K103: FALSE
A104: 2010 | B104: 211800 | C104: 3000 | D104: 10622026 | E104: SACARINA SODICA | F104: 11 | G104: 46260 | H104: 46261 | I104: DU APROVADO | K104: FALSE | M104: 46261
A105: 5001 | B105: 476416 | C105: 3000 | D105: 10622026 | E105: OPTAMINT CITRUS FRESH | F105: 360 | G105: 46046 | H105: 46051 | I105: DU APROVADO | K105: FALSE | M105: 46051
A106: 5001 | B106: 425491 | C106: 3000 | D106: 106242025 | E106: A VALERATO DE BETA USP MICRON MTC | F106: 8 | G106: 45913 | H106: 46051 | I106: DU APROVADO | K106: FALSE | M106: 46057
A107: 5001 | B107: 454450 | C107: 3000 | D107: 106272026 | E107: E MELAVOID ZNBX MTCD | F107: 100 | G107: 46177 | H107: 46177 | I107: DU APROVADO | K107: FALSE | M107: 46177
...

Sheet DEMANDA
B1: ⚠️ IMPORTANTE: NÃO EXCLUA, MOVA OU ALTERE AS COLUNAS DESTA PLANILHA. QUALQUER MODIFICAÇÃO PODERÁ COMPROMETER O FUNCIONAMENTO DAS FÓRMULAS E AUTOMAÇÕES. | U1: *Campos da equipe de consumíveis
A2: COMANDO | B2: CENTRO (Centro PARA) | C2: CODIGO (Código PARA) | D2: DESCRIÇÃO | E2: LOTE | F2: QUANTIDADE | G2: DATA DE NECESSIDADE DE LIBERAÇÃO PCP | H2: DEMANDA | I2: chave | J2: id | K2: DATA VERIFICAÇÃO CQ/ SOLICITAÇÃO PCP | L2: DATA RECEBIMENTO E-MAIL PCP | M2: D+8 | N2: data previsão PCP - no aplicativo | O2: Status - Planiha de quarentena (NOTA: abastecer Quarentena) | P2: Obs. Programação | Q2: data de DU | R2: Particularidades | S2: Data Programada | T2: Turno Programado | U2: Avaliação Padrão | V2: Avaliação Reagente | W2: Obesrvações
B3: 2017 | C3: 470361 | D3: D-PANTOTENATO DE CALCIO AL | E3: 5382026 | H3: PCP | I3: =Tabela3[[#This Row],[CENTRO (Centro PARA)]]&Tabela3[[#This Row],[CODIGO (Código PARA)]]&Tabela3[[#This Row],[LOTE]]&Tabela3[[#This Row],[DESCRIÇÃO]]&Tabela3[[#This Row],[id]] -> 20174703615382026D-PANTOTENATO DE CALCIO AL1484 | J3: 1484 | K3: 46203 | L3: 46196 | M3: =K3+8 -> 46211 | N3: =IF(WEEKDAY(K3,2)=4,K3+11,IF(WEEKDAY(K3,2)=5,K3+11,K3+10)) -> 46213 | O3: =_xlfn.XLOOKUP(Tabela3[[#This Row],[LOTE]],QUARENTENA!D:D,QUARENTENA!I:I,"") -> AG. AMOSTRA | P3: MATERIAL EM TERCEIRO | Q3: =IF(_xlfn.XLOOKUP(E3,QUARENTENA!D:D,QUARENTENA!M:M,"")="","",_xlfn.XLOOKUP(E3,QUARENTENA!D:D,QUARENTENA!M:M,"")) | R3: =_xlfn.XLOOKUP(C3,'PARTICULARIDADES AUXILIAR '!A:A,'PARTICULARIDADES AUXILIAR '!C:C,"") -> Check doc | S3: {=_xlfn.XLOOKUP(Tabela3[[#This Row],[LOTE]],VALUE(Painel_Bancada[Lote]),Painel_Bancada[Data Programada],"")} | T3: =_xlfn.XLOOKUP(Tabela3[[#This Row],[LOTE]],'PAINEL - GERAL'!F:F,'PAINEL - GERAL'!C:C,"")
B4: 2017 | C4: 461291 | D4: ALCOOL 96 GL 92,8 INPM | E4: 11472026 | H4: OPORTUNIDADE | I4: =Tabela3[[#This Row],[CENTRO (Centro PARA)]]&Tabela3[[#This Row],[CODIGO (Código PARA)]]&Tabela3[[#This Row],[LOTE]]&Tabela3[[#This Row],[DESCRIÇÃO]]&Tabela3[[#This Row],[id]] -> 201746129111472026ALCOOL 96 GL 92,8 INPM1522 | J4: 1522 | K4: 46204 | L4: 46197 | M4: =K4+8 -> 46212 | N4: =IF(WEEKDAY(K4,2)=4,K4+11,IF(WEEKDAY(K4,2)=5,K4+11,K4+10)) -> 46214 | O4: =_xlfn.XLOOKUP(Tabela3[[#This Row],[LOTE]],QUARENTENA!D:D,QUARENTENA!I:I,"") -> DU APROVADO | Q4: =IF(_xlfn.XLOOKUP(E4,QUARENTENA!D:D,QUARENTENA!M:M,"")="","",_xlfn.XLOOKUP(E4,QUARENTENA!D:D,QUARENTENA!M:M,"")) -> 46276 | R4: =_xlfn.XLOOKUP(C4,'PARTICULARIDADES AUXILIAR '!A:A,'PARTICULARIDADES AUXILIAR '!C:C,"") -> Inflamável/ Check doc | S4: {=_xlfn.XLOOKUP(Tabela3[[#This Row],[LOTE]],VALUE(Painel_Bancada[Lote]),Painel_Bancada[Data Programada],"")} | T4: =_xlfn.XLOOKUP(Tabela3[[#This Row],[LOTE]],'PAINEL - GERAL'!F:F,'PAINEL - GERAL'!C:C,"")
B5: 2017 | C5: 461287 | D5: L CISTEINA HCl | E5: 1882026 | H5: PCP | I5: =Tabela3[[#This Row],[CENTRO (Centro PARA)]]&Tabela3[[#This Row],[CODIGO (Código PARA)]]&Tabela3[[#This Row],[LOTE]]&Tabela3[[#This Row],[DESCRIÇÃO]]&Tabela3[[#This Row],[id]] -> 20174612871882026L CISTEINA HCl1518 | J5: 1518 | K5: 46204 | L5: 46197 | M5: =K5+8 -> 46212 | N5: =IF(WEEKDAY(K5,2)=4,K5+11,IF(WEEKDAY(K5,2)=5,K5+11,K5+10)) -> 46214 | O5: AVARIA | Q5: =IF(_xlfn.XLOOKUP(E5,QUARENTENA!D:D,QUARENTENA!M:M,"")="","",_xlfn.XLOOKUP(E5,QUARENTENA!D:D,QUARENTENA!M:M,"")) | R5: =_xlfn.XLOOKUP(C5,'PARTICULARIDADES AUXILIAR '!A:A,'PARTICULARIDADES AUXILIAR '!C:C,"") -> Check doc | S5: {=_xlfn.XLOOKUP(Tabela3[[#This Row],[LOTE]],VALUE(Painel_Bancada[Lote]),Painel_Bancada[Data Programada],"")} | T5: =_xlfn.XLOOKUP(Tabela3[[#This Row],[LOTE]],'PAINEL - GERAL'!F:F,'PAINEL - GERAL'!C:C,"")
B6: 2017 | C6: 474703 | D6: EXTRATO SUCO DE MARACUJA | E6: 11062026 | H6: PCP | I6: =Tabela3[[#This Row],[CENTRO (Centro PARA)]]&Tabela3[[#This Row],[CODIGO (Código PARA)]]&Tabela3[[#This Row],[LOTE]]&Tabela3[[#This Row],[DESCRIÇÃO]]&Tabela3[[#This Row],[id]] -> 201747470311062026EXTRATO SUCO DE MARACUJA1531 | J6: 1531 | K6: 46205 | L6: 46198 | M6: =K6+8 -> 46213 | N6: =IF(WEEKDAY(K6,2)=4,K6+11,IF(WEEKDAY(K6,2)=5,K6+11,K6+10)) -> 46216 | O6: =_xlfn.XLOOKUP(Tabela3[[#This Row],[LOTE]],QUARENTENA!D:D,QUARENTENA!I:I,"") -> DU APROVADO | Q6: =IF(_xlfn.XLOOKUP(E6,QUARENTENA!D:D,QUARENTENA!M:M,"")="","",_xlfn.XLOOKUP(E6,QUARENTENA!D:D,QUARENTENA!M:M,"")) -> 46273 | R6: =_xlfn.XLOOKUP(C6,'PARTICULARIDADES AUXILIAR '!A:A,'PARTICULARIDADES AUXILIAR '!C:C,"") -> Check doc | S6: {=_xlfn.XLOOKUP(Tabela3[[#This Row],[LOTE]],VALUE(Painel_Bancada[Lote]),Painel_Bancada[Data Programada],"")} | T6: =_xlfn.XLOOKUP(Tabela3[[#This Row],[LOTE]],'PAINEL - GERAL'!F:F,'PAINEL - GERAL'!C:C,"")
B7: 5001 | C7: 410033 | D7: CELULOSE MICROCRISTALINA MC101 NEO | E7: 263502025 | H7: OPORTUNIDADE | I7: =Tabela3[[#This Row],[CENTRO (Centro PARA)]]&Tabela3[[#This Row],[CODIGO (Código PARA)]]&Tabela3[[#This Row],[LOTE]]&Tabela3[[#This Row],[DESCRIÇÃO]]&Tabela3[[#This Row],[id]] -> 5001410033263502025CELULOSE MICROCRISTALINA MC101 NEO1695 | J7: 1695 | K7: 46211 | L7: 46204 | M7: =K7+8 -> 46219 | N7: =IF(WEEKDAY(K7,2)=4,K7+11,IF(WEEKDAY(K7,2)=5,K7+11,K7+10)) -> 46221 | O7: =_xlfn.XLOOKUP(Tabela3[[#This Row],[LOTE]],QUARENTENA!D:D,QUARENTENA!I:I,"") -> AG. AMOSTRA | P7: CANCELADO PELA AMOSTRAGEM | Q7: =IF(_xlfn.XLOOKUP(E7,QUARENTENA!D:D,QUARENTENA!M:M,"")="","",_xlfn.XLOOKUP(E7,QUARENTENA!D:D,QUARENTENA!M:M,"")) | R7: =_xlfn.XLOOKUP(C7,'PARTICULARIDADES AUXILIAR '!A:A,'PARTICULARIDADES AUXILIAR '!C:C,"") | S7: {=_xlfn.XLOOKUP(Tabela3[[#This Row],[LOTE]],VALUE(Painel_Bancada[Lote]),Painel_Bancada[Data Programada],"")} | T7: =_xlfn.XLOOKUP(Tabela3[[#This Row],[LOTE]],'PAINEL - GERAL'!F:F,'PAINEL - GERAL'!C:C,"")
B8: ID 3083 | C8: 410527 | D8: MESALAZINA NEO | E8: 137082026 | H8: PCP | I8: =Tabela3[[#This Row],[CENTRO (Centro PARA)]]&Tabela3[[#This Row],[CODIGO (Código PARA)]]&Tabela3[[#This Row],[LOTE]]&Tabela3[[#This Row],[DESCRIÇÃO]]&Tabela3[[#This Row],[id]] -> ID 3083 410527137082026MESALAZINA NEO1688 | J8: 1688 | K8: 46211 | L8: 46204 | M8: =K8+8 -> 46219 | N8: =IF(WEEKDAY(K8,2)=4,K8+11,IF(WEEKDAY(K8,2)=5,K8+11,K8+10)) -> 46221 | O8: =_xlfn.XLOOKUP(Tabela3[[#This Row],[LOTE]],QUARENTENA!D:D,QUARENTENA!I:I,"") -> INVESTIGAÇÃO P&D | Q8: =IF(_xlfn.XLOOKUP(E8,QUARENTENA!D:D,QUARENTENA!M:M,"")="","",_xlfn.XLOOKUP(E8,QUARENTENA!D:D,QUARENTENA!M:M,"")) | R8: =_xlfn.XLOOKUP(C8,'PARTICULARIDADES AUXILIAR '!A:A,'PARTICULARIDADES AUXILIAR '!C:C,"") | S8: {=_xlfn.XLOOKUP(Tabela3[[#This Row],[LOTE]],VALUE(Painel_Bancada[Lote]),Painel_Bancada[Data Programada],"")} -> 46211 | T8: =_xlfn.XLOOKUP(Tabela3[[#This Row],[LOTE]],'PAINEL - GERAL'!F:F,'PAINEL - GERAL'!C:C,"")
A9: P | B9: 5001 | C9: 425491 | D9: A VALERATO DE BETA USP MICRON MTC | E9: 221972025 | H9: OPORTUNIDADE | I9: =Tabela3[[#This Row],[CENTRO (Centro PARA)]]&Tabela3[[#This Row],[CODIGO (Código PARA)]]&Tabela3[[#This Row],[LOTE]]&Tabela3[[#This Row],[DESCRIÇÃO]]&Tabela3[[#This Row],[id]] -> 5001425491221972025A VALERATO DE BETA USP MICRON MTC1788 | J9: 1788 | K9: 46213 | L9: 46206 | M9: =K9+8 -> 46221 | N9: =IF(WEEKDAY(K9,2)=4,K9+11,IF(WEEKDAY(K9,2)=5,K9+11,K9+10)) -> 46224 | O9: =_xlfn.XLOOKUP(Tabela3[[#This Row],[LOTE]],QUARENTENA!D:D,QUARENTENA!I:I,"") -> AG. PROGRAMAÇÃO | Q9: =IF(_xlfn.XLOOKUP(E9,QUARENTENA!D:D,QUARENTENA!M:M,"")="","",_xlfn.XLOOKUP(E9,QUARENTENA!D:D,QUARENTENA!M:M,"")) | R9: =_xlfn.XLOOKUP(C9,'PARTICULARIDADES AUXILIAR '!A:A,'PARTICULARIDADES AUXILIAR '!C:C,"") | S9: {=_xlfn.XLOOKUP(Tabela3[[#This Row],[LOTE]],VALUE(Painel_Bancada[Lote]),Painel_Bancada[Data Programada],"")} | T9: =_xlfn.XLOOKUP(Tabela3[[#This Row],[LOTE]],'PAINEL - GERAL'!F:F,'PAINEL - GERAL'!C:C,"")
B10: 5001 | C10: 464484 | D10: MSS 500 W | E10: 138132026 | H10: PCP | I10: =Tabela3[[#This Row],[CENTRO (Centro PARA)]]&Tabela3[[#This Row],[CODIGO (Código PARA)]]&Tabela3[[#This Row],[LOTE]]&Tabela3[[#This Row],[DESCRIÇÃO]]&Tabela3[[#This Row],[id]] -> 5001464484138132026MSS 500 W1814 | J10: 1814 | K10: 46216 | L10: 46209 | M10: =K10+8 -> 46224 | N10: =IF(WEEKDAY(K10,2)=4,K10+11,IF(WEEKDAY(K10,2)=5,K10+11,K10+10)) -> 46226 | O10: =_xlfn.XLOOKUP(Tabela3[[#This Row],[LOTE]],QUARENTENA!D:D,QUARENTENA!I:I,"") -> DU APROVADO | P10: MATERIAL EM TERCEIRO | Q10: =IF(_xlfn.XLOOKUP(E10,QUARENTENA!D:D,QUARENTENA!M:M,"")="","",_xlfn.XLOOKUP(E10,QUARENTENA!D:D,QUARENTENA!M:M,"")) -> 46283 | R10: =_xlfn.XLOOKUP(C10,'PARTICULARIDADES AUXILIAR '!A:A,'PARTICULARIDADES AUXILIAR '!C:C,"") -> Check doc | S10: {=_xlfn.XLOOKUP(Tabela3[[#This Row],[LOTE]],VALUE(Painel_Bancada[Lote]),Painel_Bancada[Data Programada],"")} | T10: =_xlfn.XLOOKUP(Tabela3[[#This Row],[LOTE]],'PAINEL - GERAL'!F:F,'PAINEL - GERAL'!C:C,"")
B11: 5001 | C11: 463406 | D11: CASSIA FISTULA EXTRATO SECO 0,03-0,06% | E11: 135972026 | H11: PCP | I11: =Tabela3[[#This Row],[CENTRO (Centro PARA)]]&Tabela3[[#This Row],[CODIGO (Código PARA)]]&Tabela3[[#This Row],[LOTE]]&Tabela3[[#This Row],[DESCRIÇÃO]]&Tabela3[[#This Row],[id]] -> 5001463406135972026CASSIA FISTULA EXTRATO SECO 0,03-0,06%1865 | J11: 1865 | K11: 46217 | L11: 46210 | M11: =K11+8 -> 46225 | N11: =IF(WEEKDAY(K11,2)=4,K11+11,IF(WEEKDAY(K11,2)=5,K11+11,K11+10)) -> 46227 | O11: =_xlfn.XLOOKUP(Tabela3[[#This Row],[LOTE]],QUARENTENA!D:D,QUARENTENA!I:I,"") -> DU REPROVADO | P11: analise de terceiro | Q11: =IF(_xlfn.XLOOKUP(E11,QUARENTENA!D:D,QUARENTENA!M:M,"")="","",_xlfn.XLOOKUP(E11,QUARENTENA!D:D,QUARENTENA!M:M,"")) -> 46282 | R11: =_xlfn.XLOOKUP(C11,'PARTICULARIDADES AUXILIAR '!A:A,'PARTICULARIDADES AUXILIAR '!C:C,"") -> Pesticidas/ Aflatoxinas - EM TERCEIRO | S11: {=_xlfn.XLOOKUP(Tabela3[[#This Row],[LOTE]],VALUE(Painel_Bancada[Lote]),Painel_Bancada[Data Programada],"")} -> 46240 | T11: =_xlfn.XLOOKUP(Tabela3[[#This Row],[LOTE]],'PAINEL - GERAL'!F:F,'PAINEL - GERAL'!C:C,"")
B12: 5001 | C12: 422364 | D12: CITRATO COLINA | E12: 78632026 | H12: OPORTUNIDADE | I12: =Tabela3[[#This Row],[CENTRO (Centro PARA)]]&Tabela3[[#This Row],[CODIGO (Código PARA)]]&Tabela3[[#This Row],[LOTE]]&Tabela3[[#This Row],[DESCRIÇÃO]]&Tabela3[[#This Row],[id]] -> 500142236478632026CITRATO COLINA1872 | J12: 1872 | K12: 46217 | L12: 46210 | M12: =K12+8 -> 46225 | N12: =IF(WEEKDAY(K12,2)=4,K12+11,IF(WEEKDAY(K12,2)=5,K12+11,K12+10)) -> 46227 | O12: =_xlfn.XLOOKUP(Tabela3[[#This Row],[LOTE]],QUARENTENA!D:D,QUARENTENA!I:I,"") -> DU APROVADO | P12: MATERIAL EM TERCEIRO | Q12: =IF(_xlfn.XLOOKUP(E12,QUARENTENA!D:D,QUARENTENA!M:M,"")="","",_xlfn.XLOOKUP(E12,QUARENTENA!D:D,QUARENTENA!M:M,"")) -> 46280 | R12: =_xlfn.XLOOKUP(C12,'PARTICULARIDADES AUXILIAR '!A:A,'PARTICULARIDADES AUXILIAR '!C:C,"") -> PF - repouso 24 horas | S12: {=_xlfn.XLOOKUP(Tabela3[[#This Row],[LOTE]],VALUE(Painel_Bancada[Lote]),Painel_Bancada[Data Programada],"")} -> 46275 | T12: =_xlfn.XLOOKUP(Tabela3[[#This Row],[LOTE]],'PAINEL - GERAL'!F:F,'PAINEL - GERAL'!C:C,"")
B13: 5001 | C13: 422364 | D13: CITRATO COLINA | E13: 78642026 | H13: OPORTUNIDADE | I13: =Tabela3[[#This Row],[CENTRO (Centro PARA)]]&Tabela3[[#This Row],[CODIGO (Código PARA)]]&Tabela3[[#This Row],[LOTE]]&Tabela3[[#This Row],[DESCRIÇÃO]]&Tabela3[[#This Row],[id]] -> 500142236478642026CITRATO COLINA1873 | J13: 1873 | K13: 46217 | L13: 46210 | M13: =K13+8 -> 46225 | N13: =IF(WEEKDAY(K13,2)=4,K13+11,IF(WEEKDAY(K13,2)=5,K13+11,K13+10)) -> 46227 | O13: =_xlfn.XLOOKUP(Tabela3[[#This Row],[LOTE]],QUARENTENA!D:D,QUARENTENA!I:I,"") -> DU APROVADO | P13: MATERIAL EM TERCEIRO | Q13: =IF(_xlfn.XLOOKUP(E13,QUARENTENA!D:D,QUARENTENA!M:M,"")="","",_xlfn.XLOOKUP(E13,QUARENTENA!D:D,QUARENTENA!M:M,"")) -> 46280 | R13: =_xlfn.XLOOKUP(C13,'PARTICULARIDADES AUXILIAR '!A:A,'PARTICULARIDADES AUXILIAR '!C:C,"") -> PF - repouso 24 horas | S13: {=_xlfn.XLOOKUP(Tabela3[[#This Row],[LOTE]],VALUE(Painel_Bancada[Lote]),Painel_Bancada[Data Programada],"")} -> 46275 | T13: =_xlfn.XLOOKUP(Tabela3[[#This Row],[LOTE]],'PAINEL - GERAL'!F:F,'PAINEL - GERAL'!C:C,"")
B14: 5001 | C14: 422364 | D14: CITRATO COLINA | E14: 78652026 | H14: OPORTUNIDADE | I14: =Tabela3[[#This Row],[CENTRO (Centro PARA)]]&Tabela3[[#This Row],[CODIGO (Código PARA)]]&Tabela3[[#This Row],[LOTE]]&Tabela3[[#This Row],[DESCRIÇÃO]]&Tabela3[[#This Row],[id]] -> 500142236478652026CITRATO COLINA1874 | J14: 1874 | K14: 46217 | L14: 46210 | M14: =K14+8 -> 46225 | N14: =IF(WEEKDAY(K14,2)=4,K14+11,IF(WEEKDAY(K14,2)=5,K14+11,K14+10)) -> 46227 | O14: =_xlfn.XLOOKUP(Tabela3[[#This Row],[LOTE]],QUARENTENA!D:D,QUARENTENA!I:I,"") -> DU APROVADO | P14: MATERIAL EM TERCEIRO | Q14: =IF(_xlfn.XLOOKUP(E14,QUARENTENA!D:D,QUARENTENA!M:M,"")="","",_xlfn.XLOOKUP(E14,QUARENTENA!D:D,QUARENTENA!M:M,"")) -> 46280 | R14: =_xlfn.XLOOKUP(C14,'PARTICULARIDADES AUXILIAR '!A:A,'PARTICULARIDADES AUXILIAR '!C:C,"") -> PF - repouso 24 horas | S14: {=_xlfn.XLOOKUP(Tabela3[[#This Row],[LOTE]],VALUE(Painel_Bancada[Lote]),Painel_Bancada[Data Programada],"")} -> 46275 | T14: =_xlfn.XLOOKUP(Tabela3[[#This Row],[LOTE]],'PAINEL - GERAL'!F:F,'PAINEL - GERAL'!C:C,"")
B15: 5001 | C15: 422364 | D15: CITRATO COLINA | E15: 78662026 | H15: OPORTUNIDADE | I15: =Tabela3[[#This Row],[CENTRO (Centro PARA)]]&Tabela3[[#This Row],[CODIGO (Código PARA)]]&Tabela3[[#This Row],[LOTE]]&Tabela3[[#This Row],[DESCRIÇÃO]]&Tabela3[[#This Row],[id]] -> 500142236478662026CITRATO COLINA1875 | J15: 1875 | K15: 46217 | L15: 46210 | M15: =K15+8 -> 46225 | N15: =IF(WEEKDAY(K15,2)=4,K15+11,IF(WEEKDAY(K15,2)=5,K15+11,K15+10)) -> 46227 | O15: =_xlfn.XLOOKUP(Tabela3[[#This Row],[LOTE]],QUARENTENA!D:D,QUARENTENA!I:I,"") -> DU APROVADO | P15: MATERIAL EM TERCEIRO | Q15: =IF(_xlfn.XLOOKUP(E15,QUARENTENA!D:D,QUARENTENA!M:M,"")="","",_xlfn.XLOOKUP(E15,QUARENTENA!D:D,QUARENTENA!M:M,"")) -> 46280 | R15: =_xlfn.XLOOKUP(C15,'PARTICULARIDADES AUXILIAR '!A:A,'PARTICULARIDADES AUXILIAR '!C:C,"") -> PF - repouso 24 horas | S15: {=_xlfn.XLOOKUP(Tabela3[[#This Row],[LOTE]],VALUE(Painel_Bancada[Lote]),Painel_Bancada[Data Programada],"")} -> 46275 | T15: =_xlfn.XLOOKUP(Tabela3[[#This Row],[LOTE]],'PAINEL - GERAL'!F:F,'PAINEL - GERAL'!C:C,"")
B16: 5001 | C16: 438102 | D16: E OXIDO DE FE AMARELO AQ R0402 MTCD | E16: 138232026 | H16: PCP | I16: =Tabela3[[#This Row],[CENTRO (Centro PARA)]]&Tabela3[[#This Row],[CODIGO (Código PARA)]]&Tabela3[[#This Row],[LOTE]]&Tabela3[[#This Row],[DESCRIÇÃO]]&Tabela3[[#This Row],[id]] -> 5001438102138232026E OXIDO DE FE AMARELO AQ R0402 MTCD1863 | J16: 1863 | K16: 46217 | L16: 46210 | M16: =K16+8 -> 46225 | N16: =IF(WEEKDAY(K16,2)=4,K16+11,IF(WEEKDAY(K16,2)=5,K16+11,K16+10)) -> 46227 | O16: =_xlfn.XLOOKUP(Tabela3[[#This Row],[LOTE]],QUARENTENA!D:D,QUARENTENA!I:I,"") -> DU APROVADO | P16: MATERIAL EM TERCEIRO | Q16: =IF(_xlfn.XLOOKUP(E16,QUARENTENA!D:D,QUARENTENA!M:M,"")="","",_xlfn.XLOOKUP(E16,QUARENTENA!D:D,QUARENTENA!M:M,"")) -> 46282 | R16: =_xlfn.XLOOKUP(C16,'PARTICULARIDADES AUXILIAR '!A:A,'PARTICULARIDADES AUXILIAR '!C:C,"") -> Check doc | S16: {=_xlfn.XLOOKUP(Tabela3[[#This Row],[LOTE]],VALUE(Painel_Bancada[Lote]),Painel_Bancada[Data Programada],"")} | T16: =_xlfn.XLOOKUP(Tabela3[[#This Row],[LOTE]],'PAINEL - GERAL'!F:F,'PAINEL - GERAL'!C:C,"")
B17: 5001 | C17: 410371 | D17: DIAZEPAM B1 NEO | E17: 127522026 | H17: PCP | I17: =Tabela3[[#This Row],[CENTRO (Centro PARA)]]&Tabela3[[#This Row],[CODIGO (Código PARA)]]&Tabela3[[#This Row],[LOTE]]&Tabela3[[#This Row],[DESCRIÇÃO]]&Tabela3[[#This Row],[id]] -> 5001410371127522026DIAZEPAM B1 NEO | K17: 46220 | L17: 46213 | M17: =K17+8 -> 46228 | N17: =IF(WEEKDAY(K17,2)=4,K17+11,IF(WEEKDAY(K17,2)=5,K17+11,K17+10)) -> 46231 | O17: =_xlfn.XLOOKUP(Tabela3[[#This Row],[LOTE]],QUARENTENA!D:D,QUARENTENA!I:I,"") -> INVESTIGAÇÃO P&D | Q17: =IF(_xlfn.XLOOKUP(E17,QUARENTENA!D:D,QUARENTENA!M:M,"")="","",_xlfn.XLOOKUP(E17,QUARENTENA!D:D,QUARENTENA!M:M,"")) | R17: =_xlfn.XLOOKUP(C17,'PARTICULARIDADES AUXILIAR '!A:A,'PARTICULARIDADES AUXILIAR '!C:C,"") -> Portaria 344 | S17: {=_xlfn.XLOOKUP(Tabela3[[#This Row],[LOTE]],VALUE(Painel_Bancada[Lote]),Painel_Bancada[Data Programada],"")} -> 46224 | T17: =_xlfn.XLOOKUP(Tabela3[[#This Row],[LOTE]],'PAINEL - GERAL'!F:F,'PAINEL - GERAL'!C:C,"")
B18: 5001 | C18: 438134 | D18: E ADIPATO DE DIBUTILA MTCD | E18: 147492026 | H18: PCP | I18: 46223 | K18: 46223 | L18: 46216 | M18: =K18+8 -> 46231 | N18: =IF(WEEKDAY(K18,2)=4,K18+11,IF(WEEKDAY(K18,2)=5,K18+11,K18+10)) -> 46233 | O18: =_xlfn.XLOOKUP(Tabela3[[#This Row],[LOTE]],QUARENTENA!D:D,QUARENTENA!I:I,"") -> DU APROVADO | P18: MATERIAL EM TERCEIRO | Q18: =IF(_xlfn.XLOOKUP(E18,QUARENTENA!D:D,QUARENTENA!M:M,"")="","",_xlfn.XLOOKUP(E18,QUARENTENA!D:D,QUARENTENA!M:M,"")) -> 46282 | R18: =_xlfn.XLOOKUP(C18,'PARTICULARIDADES AUXILIAR '!A:A,'PARTICULARIDADES AUXILIAR '!C:C,"") -> Check doc | S18: {=_xlfn.XLOOKUP(Tabela3[[#This Row],[LOTE]],VALUE(Painel_Bancada[Lote]),Painel_Bancada[Data Programada],"")} | T18: =_xlfn.XLOOKUP(Tabela3[[#This Row],[LOTE]],'PAINEL - GERAL'!F:F,'PAINEL - GERAL'!C:C,"")
B19: 5001 | C19: 461168 | D19: GENU PECTIN LM-HC-30 CS | E19: 90002026 | H19: PCP | I19: 46225 | K19: 46225 | L19: 46218 | M19: =K19+8 -> 46233 | N19: =IF(WEEKDAY(K19,2)=4,K19+11,IF(WEEKDAY(K19,2)=5,K19+11,K19+10)) -> 46235 | O19: =_xlfn.XLOOKUP(Tabela3[[#This Row],[LOTE]],QUARENTENA!D:D,QUARENTENA!I:I,"") -> DU APROVADO | P19: atraso de vigencia de documentação | Q19: =IF(_xlfn.XLOOKUP(E19,QUARENTENA!D:D,QUARENTENA!M:M,"")="","",_xlfn.XLOOKUP(E19,QUARENTENA!D:D,QUARENTENA!M:M,"")) -> 46277 | R19: =_xlfn.XLOOKUP(C19,'PARTICULARIDADES AUXILIAR '!A:A,'PARTICULARIDADES AUXILIAR '!C:C,"") | S19: {=_xlfn.XLOOKUP(Tabela3[[#This Row],[LOTE]],VALUE(Painel_Bancada[Lote]),Painel_Bancada[Data Programada],"")} -> 46242 | T19: =_xlfn.XLOOKUP(Tabela3[[#This Row],[LOTE]],'PAINEL - GERAL'!F:F,'PAINEL - GERAL'!C:C,"")
B20: 5001 | C20: 439084 | D20: A CLORID DE CICLOBENZAPRINA MTC | E20: 20372021 | F20: NA | G20: NA | H20: REVALIDAÇÃO | I20: =Tabela3[[#This Row],[CENTRO (Centro PARA)]]&Tabela3[[#This Row],[CODIGO (Código PARA)]]&Tabela3[[#This Row],[LOTE]]&Tabela3[[#This Row],[DESCRIÇÃO]]&Tabela3[[#This Row],[id]] -> 500143908420372021A CLORID DE CICLOBENZAPRINA MTC | K20: 46227 | L20: 46220 | M20: =K20+8 -> 46235 | N20: =IF(WEEKDAY(K20,2)=4,K20+11,IF(WEEKDAY(K20,2)=5,K20+11,K20+10)) -> 46238 | O20: DU APROVADO | Q20: 46279 | R20: =_xlfn.XLOOKUP(C20,'PARTICULARIDADES AUXILIAR '!A:A,'PARTICULARIDADES AUXILIAR '!C:C,"") | S20: {=_xlfn.XLOOKUP(Tabela3[[#This Row],[LOTE]],VALUE(Painel_Bancada[Lote]),Painel_Bancada[Data Programada],"")} -> 46255 | T20: =_xlfn.XLOOKUP(Tabela3[[#This Row],[LOTE]],'PAINEL - GERAL'!F:F,'PAINEL - GERAL'!C:C,"")
B21: 5001 | C21: 438013 | D21: E CETILFOSFATO DE POTASSIO MTCD | E21: 152392026 | F21: 400 | G21: NA | H21: OPORTUNIDADE | I21: =Tabela3[[#This Row],[CENTRO (Centro PARA)]]&Tabela3[[#This Row],[CODIGO (Código PARA)]]&Tabela3[[#This Row],[LOTE]]&Tabela3[[#This Row],[DESCRIÇÃO]]&Tabela3[[#This Row],[id]] -> 5001438013152392026E CETILFOSFATO DE POTASSIO MTCD | K21: 46227 | L21: 46220 | M21: =K21+8 -> 46235 | N21: =IF(WEEKDAY(K21,2)=4,K21+11,IF(WEEKDAY(K21,2)=5,K21+11,K21+10)) -> 46238 | O21: =_xlfn.XLOOKUP(Tabela3[[#This Row],[LOTE]],QUARENTENA!D:D,QUARENTENA!I:I,"") -> DU APROVADO | P21: MATERIAL EM TERCEIRO | Q21: =IF(_xlfn.XLOOKUP(E21,QUARENTENA!D:D,QUARENTENA!M:M,"")="","",_xlfn.XLOOKUP(E21,QUARENTENA!D:D,QUARENTENA!M:M,"")) -> 46286 | R21: =_xlfn.XLOOKUP(C21,'PARTICULARIDADES AUXILIAR '!A:A,'PARTICULARIDADES AUXILIAR '!C:C,"") -> Check doc | S21: {=_xlfn.XLOOKUP(Tabela3[[#This Row],[LOTE]],VALUE(Painel_Bancada[Lote]),Painel_Bancada[Data Programada],"")} | T21: =_xlfn.XLOOKUP(Tabela3[[#This Row],[LOTE]],'PAINEL - GERAL'!F:F,'PAINEL - GERAL'!C:C,"")
B22: 5001 | C22: 438013 | D22: E CETILFOSFATO DE POTASSIO MTCD | E22: 152402026 | F22: 300 | G22: NA | H22: OPORTUNIDADE | I22: =Tabela3[[#This Row],[CENTRO (Centro PARA)]]&Tabela3[[#This Row],[CODIGO (Código PARA)]]&Tabela3[[#This Row],[LOTE]]&Tabela3[[#This Row],[DESCRIÇÃO]]&Tabela3[[#This Row],[id]] -> 5001438013152402026E CETILFOSFATO DE POTASSIO MTCD | K22: 46227 | L22: 46220 | M22: =K22+8 -> 46235 | N22: =IF(WEEKDAY(K22,2)=4,K22+11,IF(WEEKDAY(K22,2)=5,K22+11,K22+10)) -> 46238 | O22: =_xlfn.XLOOKUP(Tabela3[[#This Row],[LOTE]],QUARENTENA!D:D,QUARENTENA!I:I,"") -> DU APROVADO | P22: MATERIAL EM TERCEIRO | Q22: =IF(_xlfn.XLOOKUP(E22,QUARENTENA!D:D,QUARENTENA!M:M,"")="","",_xlfn.XLOOKUP(E22,QUARENTENA!D:D,QUARENTENA!M:M,"")) -> 46286 | R22: =_xlfn.XLOOKUP(C22,'PARTICULARIDADES AUXILIAR '!A:A,'PARTICULARIDADES AUXILIAR '!C:C,"") -> Check doc | S22: {=_xlfn.XLOOKUP(Tabela3[[#This Row],[LOTE]],VALUE(Painel_Bancada[Lote]),Painel_Bancada[Data Programada],"")} | T22: =_xlfn.XLOOKUP(Tabela3[[#This Row],[LOTE]],'PAINEL - GERAL'!F:F,'PAINEL - GERAL'!C:C,"")
B23: 5001 | C23: 605630 | D23: TRIGLICERIDEO ACIDO CAPRILICO CAPRICO | E23: 67542026 | F23: 113 | G23: 46239 | H23: PCP | I23: =Tabela3[[#This Row],[CENTRO (Centro PARA)]]&Tabela3[[#This Row],[CODIGO (Código PARA)]]&Tabela3[[#This Row],[LOTE]]&Tabela3[[#This Row],[DESCRIÇÃO]]&Tabela3[[#This Row],[id]] -> 500160563067542026TRIGLICERIDEO ACIDO CAPRILICO CAPRICO | K23: 46227 | L23: 46220 | M23: =K23+8 -> 46235 | N23: =IF(WEEKDAY(K23,2)=4,K23+11,IF(WEEKDAY(K23,2)=5,K23+11,K23+10)) -> 46238 | O23: =_xlfn.XLOOKUP(Tabela3[[#This Row],[LOTE]],QUARENTENA!D:D,QUARENTENA!I:I,"") -> DU APROVADO | P23: ag. Plano SDA - prev. 29/07 | Q23: =IF(_xlfn.XLOOKUP(E23,QUARENTENA!D:D,QUARENTENA!M:M,"")="","",_xlfn.XLOOKUP(E23,QUARENTENA!D:D,QUARENTENA!M:M,"")) -> 46290 | R23: =_xlfn.XLOOKUP(C23,'PARTICULARIDADES AUXILIAR '!A:A,'PARTICULARIDADES AUXILIAR '!C:C,"") | S23: {=_xlfn.XLOOKUP(Tabela3[[#This Row],[LOTE]],VALUE(Painel_Bancada[Lote]),Painel_Bancada[Data Programada],"")} -> 46241 | T23: =_xlfn.XLOOKUP(Tabela3[[#This Row],[LOTE]],'PAINEL - GERAL'!F:F,'PAINEL - GERAL'!C:C,"")
B24: 5001 | C24: 459975 | D24: OLEO RICINO HIDROGENADO PEG 40 | E24: 21582026 | G24: 46240 | H24: PCP | I24: =Tabela3[[#This Row],[CENTRO (Centro PARA)]]&Tabela3[[#This Row],[CODIGO (Código PARA)]]&Tabela3[[#This Row],[LOTE]]&Tabela3[[#This Row],[DESCRIÇÃO]]&Tabela3[[#This Row],[id]] -> 500145997521582026OLEO RICINO HIDROGENADO PEG 40 | K24: 46230 | L24: 46223 | M24: =K24+8 -> 46238 | N24: =IF(WEEKDAY(K24,2)=4,K24+11,IF(WEEKDAY(K24,2)=5,K24+11,K24+10)) -> 46240 | O24: =_xlfn.XLOOKUP(Tabela3[[#This Row],[LOTE]],QUARENTENA!D:D,QUARENTENA!I:I,"") -> DU APROVADO | P24: não tem plano SAP - SEM PREVI | Q24: =IF(_xlfn.XLOOKUP(E24,QUARENTENA!D:D,QUARENTENA!M:M,"")="","",_xlfn.XLOOKUP(E24,QUARENTENA!D:D,QUARENTENA!M:M,"")) -> 46279 | R24: =_xlfn.XLOOKUP(C24,'PARTICULARIDADES AUXILIAR '!A:A,'PARTICULARIDADES AUXILIAR '!C:C,"") | S24: {=_xlfn.XLOOKUP(Tabela3[[#This Row],[LOTE]],VALUE(Painel_Bancada[Lote]),Painel_Bancada[Data Programada],"")} -> 46274 | T24: =_xlfn.XLOOKUP(Tabela3[[#This Row],[LOTE]],'PAINEL - GERAL'!F:F,'PAINEL - GERAL'!C:C,"")
B25: 5001 | C25: 478553 | D25: PARACETAMOL QF3 | E25: 56902026 | G25: NA | H25: OPORTUNIDADE | I25: =Tabela3[[#This Row],[CENTRO (Centro PARA)]]&Tabela3[[#This Row],[CODIGO (Código PARA)]]&Tabela3[[#This Row],[LOTE]]&Tabela3[[#This Row],[DESCRIÇÃO]]&Tabela3[[#This Row],[id]] -> 500147855356902026PARACETAMOL QF3 | K25: 46230 | M25: =K25+8 -> 46238 | N25: =IF(WEEKDAY(K25,2)=4,K25+11,IF(WEEKDAY(K25,2)=5,K25+11,K25+10)) -> 46240 | O25: =_xlfn.XLOOKUP(Tabela3[[#This Row],[LOTE]],QUARENTENA!D:D,QUARENTENA!I:I,"") -> DU APROVADO | P25: MATERIAL EM TERCEIRO | Q25: =IF(_xlfn.XLOOKUP(E25,QUARENTENA!D:D,QUARENTENA!M:M,"")="","",_xlfn.XLOOKUP(E25,QUARENTENA!D:D,QUARENTENA!M:M,"")) -> 46267 | R25: =_xlfn.XLOOKUP(C25,'PARTICULARIDADES AUXILIAR '!A:A,'PARTICULARIDADES AUXILIAR '!C:C,"") -> Polícia Federal | S25: {=_xlfn.XLOOKUP(Tabela3[[#This Row],[LOTE]],VALUE(Painel_Bancada[Lote]),Painel_Bancada[Data Programada],"")} -> 46261 | T25: =_xlfn.XLOOKUP(Tabela3[[#This Row],[LOTE]],'PAINEL - GERAL'!F:F,'PAINEL - GERAL'!C:C,"")
B26: 5001 | C26: 463406 | D26: CASSIA FISTULA EXTRATO SECO 0,03-0,06% | E26: 135962026 | F26: 150 | G26: NA | H26: OPORTUNIDADE | I26: =Tabela3[[#This Row],[CENTRO (Centro PARA)]]&Tabela3[[#This Row],[CODIGO (Código PARA)]]&Tabela3[[#This Row],[LOTE]]&Tabela3[[#This Row],[DESCRIÇÃO]]&Tabela3[[#This Row],[id]] -> 5001463406135962026CASSIA FISTULA EXTRATO SECO 0,03-0,06% | K26: 46231 | L26: 46224 | M26: =K26+8 -> 46239 | N26: =IF(WEEKDAY(K26,2)=4,K26+11,IF(WEEKDAY(K26,2)=5,K26+11,K26+10)) -> 46241 | O26: =_xlfn.XLOOKUP(Tabela3[[#This Row],[LOTE]],QUARENTENA!D:D,QUARENTENA!I:I,"") -> DU REPROVADO | Q26: =IF(_xlfn.XLOOKUP(E26,QUARENTENA!D:D,QUARENTENA!M:M,"")="","",_xlfn.XLOOKUP(E26,QUARENTENA!D:D,QUARENTENA!M:M,"")) -> 46282 | R26: =_xlfn.XLOOKUP(C26,'PARTICULARIDADES AUXILIAR '!A:A,'PARTICULARIDADES AUXILIAR '!C:C,"") -> Pesticidas/ Aflatoxinas - EM TERCEIRO | S26: {=_xlfn.XLOOKUP(Tabela3[[#This Row],[LOTE]],VALUE(Painel_Bancada[Lote]),Painel_Bancada[Data Programada],"")} -> 46240 | T26: =_xlfn.XLOOKUP(Tabela3[[#This Row],[LOTE]],'PAINEL - GERAL'!F:F,'PAINEL - GERAL'!C:C,"")
B27: 5001 | C27: 459976 | D27: MONOOLEATO SORBITANO 80 | E27: 121212026 | F27: 189.6 | G27: 46241 | H27: PCP | I27: =Tabela3[[#This Row],[CENTRO (Centro PARA)]]&Tabela3[[#This Row],[CODIGO (Código PARA)]]&Tabela3[[#This Row],[LOTE]]&Tabela3[[#This Row],[DESCRIÇÃO]]&Tabela3[[#This Row],[id]] -> 5001459976121212026MONOOLEATO SORBITANO 80 | K27: 46231 | L27: 46224 | M27: =K27+8 -> 46239 | N27: =IF(WEEKDAY(K27,2)=4,K27+11,IF(WEEKDAY(K27,2)=5,K27+11,K27+10)) -> 46241 | O27: =_xlfn.XLOOKUP(Tabela3[[#This Row],[LOTE]],QUARENTENA!D:D,QUARENTENA!I:I,"") -> INVESTIGAÇÃO P&D | P27: não tem plano SAP, sem método vigente | Q27: =IF(_xlfn.XLOOKUP(E27,QUARENTENA!D:D,QUARENTENA!M:M,"")="","",_xlfn.XLOOKUP(E27,QUARENTENA!D:D,QUARENTENA!M:M,"")) | R27: =_xlfn.XLOOKUP(C27,'PARTICULARIDADES AUXILIAR '!A:A,'PARTICULARIDADES AUXILIAR '!C:C,"") | S27: {=_xlfn.XLOOKUP(Tabela3[[#This Row],[LOTE]],VALUE(Painel_Bancada[Lote]),Painel_Bancada[Data Programada],"")} -> 46270 | T27: =_xlfn.XLOOKUP(Tabela3[[#This Row],[LOTE]],'PAINEL - GERAL'!F:F,'PAINEL - GERAL'!C:C,"")
B28: 5001 | C28: 422463 | D28: TEREBINTINA | E28: 146332026 | F28: 1980 | G28: NA | H28: OPORTUNIDADE | I28: =Tabela3[[#This Row],[CENTRO (Centro PARA)]]&Tabela3[[#This Row],[CODIGO (Código PARA)]]&Tabela3[[#This Row],[LOTE]]&Tabela3[[#This Row],[DESCRIÇÃO]]&Tabela3[[#This Row],[id]] -> 5001422463146332026TEREBINTINA | K28: 46234 | L28: 46227 | M28: =K28+8 -> 46242 | N28: =IF(WEEKDAY(K28,2)=4,K28+11,IF(WEEKDAY(K28,2)=5,K28+11,K28+10)) -> 46245 | O28: =_xlfn.XLOOKUP(Tabela3[[#This Row],[LOTE]],QUARENTENA!D:D,QUARENTENA!I:I,"") -> INVESTIGAÇÃO P&D | Q28: =IF(_xlfn.XLOOKUP(E28,QUARENTENA!D:D,QUARENTENA!M:M,"")="","",_xlfn.XLOOKUP(E28,QUARENTENA!D:D,QUARENTENA!M:M,"")) | R28: =_xlfn.XLOOKUP(C28,'PARTICULARIDADES AUXILIAR '!A:A,'PARTICULARIDADES AUXILIAR '!C:C,"") -> Inflamável | S28: {=_xlfn.XLOOKUP(Tabela3[[#This Row],[LOTE]],VALUE(Painel_Bancada[Lote]),Painel_Bancada[Data Programada],"")} -> 46238 | T28: =_xlfn.XLOOKUP(Tabela3[[#This Row],[LOTE]],'PAINEL - GERAL'!F:F,'PAINEL - GERAL'!C:C,"")
B29: 5001 | C29: 422364 | D29: CITRATO COLINA | E29: 78782026 | F29: 400 | G29: NA | H29: OPORTUNIDADE | I29: =Tabela3[[#This Row],[CENTRO (Centro PARA)]]&Tabela3[[#This Row],[CODIGO (Código PARA)]]&Tabela3[[#This Row],[LOTE]]&Tabela3[[#This Row],[DESCRIÇÃO]]&Tabela3[[#This Row],[id]] -> 500142236478782026CITRATO COLINA | K29: 46238 | L29: 46231 | M29: =K29+8 -> 46246 | N29: =IF(WEEKDAY(K29,2)=4,K29+11,IF(WEEKDAY(K29,2)=5,K29+11,K29+10)) -> 46248 | O29: =_xlfn.XLOOKUP(Tabela3[[#This Row],[LOTE]],QUARENTENA!D:D,QUARENTENA!I:I,"") -> DU APROVADO | P29: MATERIAL EM TERCEIRO | Q29: =IF(_xlfn.XLOOKUP(E29,QUARENTENA!D:D,QUARENTENA!M:M,"")="","",_xlfn.XLOOKUP(E29,QUARENTENA!D:D,QUARENTENA!M:M,"")) -> 46280 | R29: =_xlfn.XLOOKUP(C29,'PARTICULARIDADES AUXILIAR '!A:A,'PARTICULARIDADES AUXILIAR '!C:C,"") -> PF - repouso 24 horas | S29: {=_xlfn.XLOOKUP(Tabela3[[#This Row],[LOTE]],VALUE(Painel_Bancada[Lote]),Painel_Bancada[Data Programada],"")} -> 46275 | T29: =_xlfn.XLOOKUP(Tabela3[[#This Row],[LOTE]],'PAINEL - GERAL'!F:F,'PAINEL - GERAL'!C:C,"")
B30: 5001 | C30: 422364 | D30: CITRATO COLINA | E30: 78792026 | F30: 800 | G30: NA | H30: OPORTUNIDADE | I30: =Tabela3[[#This Row],[CENTRO (Centro PARA)]]&Tabela3[[#This Row],[CODIGO (Código PARA)]]&Tabela3[[#This Row],[LOTE]]&Tabela3[[#This Row],[DESCRIÇÃO]]&Tabela3[[#This Row],[id]] -> 500142236478792026CITRATO COLINA | K30: 46238 | L30: 46231 | M30: =K30+8 -> 46246 | N30: =IF(WEEKDAY(K30,2)=4,K30+11,IF(WEEKDAY(K30,2)=5,K30+11,K30+10)) -> 46248 | O30: =_xlfn.XLOOKUP(Tabela3[[#This Row],[LOTE]],QUARENTENA!D:D,QUARENTENA!I:I,"") -> DU APROVADO | P30: MATERIAL EM TERCEIRO | Q30: =IF(_xlfn.XLOOKUP(E30,QUARENTENA!D:D,QUARENTENA!M:M,"")="","",_xlfn.XLOOKUP(E30,QUARENTENA!D:D,QUARENTENA!M:M,"")) -> 46280 | R30: =_xlfn.XLOOKUP(C30,'PARTICULARIDADES AUXILIAR '!A:A,'PARTICULARIDADES AUXILIAR '!C:C,"") -> PF - repouso 24 horas | S30: {=_xlfn.XLOOKUP(Tabela3[[#This Row],[LOTE]],VALUE(Painel_Bancada[Lote]),Painel_Bancada[Data Programada],"")} -> 46275 | T30: =_xlfn.XLOOKUP(Tabela3[[#This Row],[LOTE]],'PAINEL - GERAL'!F:F,'PAINEL - GERAL'!C:C,"")
B31: 2017 | C31: 210116 | D31: VITAMINA C | E31: 4292026 | F31: 2900 | G31: 46254 | H31: PCP | I31: =Tabela3[[#This Row],[CENTRO (Centro PARA)]]&Tabela3[[#This Row],[CODIGO (Código PARA)]]&Tabela3[[#This Row],[LOTE]]&Tabela3[[#This Row],[DESCRIÇÃO]]&Tabela3[[#This Row],[id]] -> 20172101164292026VITAMINA C | K31: 46244 | L31: 46238 | M31: =K31+8 -> 46252 | N31: =IF(WEEKDAY(K31,2)=4,K31+11,IF(WEEKDAY(K31,2)=5,K31+11,K31+10)) -> 46254 | O31: DU APROVADO | Q31: 46239 | R31: =_xlfn.XLOOKUP(C31,'PARTICULARIDADES AUXILIAR '!A:A,'PARTICULARIDADES AUXILIAR '!C:C,"") -> Check doc | S31: {=_xlfn.XLOOKUP(Tabela3[[#This Row],[LOTE]],VALUE(Painel_Bancada[Lote]),Painel_Bancada[Data Programada],"")} | T31: =_xlfn.XLOOKUP(Tabela3[[#This Row],[LOTE]],'PAINEL - GERAL'!F:F,'PAINEL - GERAL'!C:C,"")
B32: 5001 | C32: 442832 | D32: HPMC K100 LV | E32: 146312026 | F32: 1376 | G32: 46254 | H32: PCP | I32: =Tabela3[[#This Row],[CENTRO (Centro PARA)]]&Tabela3[[#This Row],[CODIGO (Código PARA)]]&Tabela3[[#This Row],[LOTE]]&Tabela3[[#This Row],[DESCRIÇÃO]]&Tabela3[[#This Row],[id]] -> 5001442832146312026HPMC K100 LV | K32: 46244 | L32: 46238 | M32: =K32+8 -> 46252 | N32: =IF(WEEKDAY(K32,2)=4,K32+11,IF(WEEKDAY(K32,2)=5,K32+11,K32+10)) -> 46254 | O32: =_xlfn.XLOOKUP(Tabela3[[#This Row],[LOTE]],QUARENTENA!D:D,QUARENTENA!I:I,"") -> DU APROVADO | Q32: =IF(_xlfn.XLOOKUP(E32,QUARENTENA!D:D,QUARENTENA!M:M,"")="","",_xlfn.XLOOKUP(E32,QUARENTENA!D:D,QUARENTENA!M:M,"")) -> 46252 | R32: =_xlfn.XLOOKUP(C32,'PARTICULARIDADES AUXILIAR '!A:A,'PARTICULARIDADES AUXILIAR '!C:C,"") | S32: {=_xlfn.XLOOKUP(Tabela3[[#This Row],[LOTE]],VALUE(Painel_Bancada[Lote]),Painel_Bancada[Data Programada],"")} -> 46245 | T32: =_xlfn.XLOOKUP(Tabela3[[#This Row],[LOTE]],'PAINEL - GERAL'!F:F,'PAINEL - GERAL'!C:C,"")
B33: 5001 | C33: 422376 | D33: CLORIDRATO NAFAZOLINA | E33: 23662026 | F33: 49.943 | G33: 46254 | H33: PCP | I33: =Tabela3[[#This Row],[CENTRO (Centro PARA)]]&Tabela3[[#This Row],[CODIGO (Código PARA)]]&Tabela3[[#This Row],[LOTE]]&Tabela3[[#This Row],[DESCRIÇÃO]]&Tabela3[[#This Row],[id]] -> 500142237623662026CLORIDRATO NAFAZOLINA | K33: 46244 | L33: 46238 | M33: =K33+8 -> 46252 | N33: =IF(WEEKDAY(K33,2)=4,K33+11,IF(WEEKDAY(K33,2)=5,K33+11,K33+10)) -> 46254 | O33: =_xlfn.XLOOKUP(Tabela3[[#This Row],[LOTE]],QUARENTENA!D:D,QUARENTENA!I:I,"") -> DU APROVADO | Q33: =IF(_xlfn.XLOOKUP(E33,QUARENTENA!D:D,QUARENTENA!M:M,"")="","",_xlfn.XLOOKUP(E33,QUARENTENA!D:D,QUARENTENA!M:M,"")) -> 46238 | R33: =_xlfn.XLOOKUP(C33,'PARTICULARIDADES AUXILIAR '!A:A,'PARTICULARIDADES AUXILIAR '!C:C,"") | S33: {=_xlfn.XLOOKUP(Tabela3[[#This Row],[LOTE]],VALUE(Painel_Bancada[Lote]),Painel_Bancada[Data Programada],"")} -> 46599 | T33: =_xlfn.XLOOKUP(Tabela3[[#This Row],[LOTE]],'PAINEL - GERAL'!F:F,'PAINEL - GERAL'!C:C,"")
B34: 5001 | C34: 410034 | D34: CELULOSE MICROCRISTALINA MC102 NEO | E34: 151662026 | F34: 2625 | G34: 46254 | H34: PCP | I34: =Tabela3[[#This Row],[CENTRO (Centro PARA)]]&Tabela3[[#This Row],[CODIGO (Código PARA)]]&Tabela3[[#This Row],[LOTE]]&Tabela3[[#This Row],[DESCRIÇÃO]]&Tabela3[[#This Row],[id]] -> 5001410034151662026CELULOSE MICROCRISTALINA MC102 NEO | K34: 46244 | L34: 46238 | M34: =K34+8 -> 46252 | N34: =IF(WEEKDAY(K34,2)=4,K34+11,IF(WEEKDAY(K34,2)=5,K34+11,K34+10)) -> 46254 | O34: =_xlfn.XLOOKUP(Tabela3[[#This Row],[LOTE]],QUARENTENA!D:D,QUARENTENA!I:I,"") -> DU APROVADO | Q34: =IF(_xlfn.XLOOKUP(E34,QUARENTENA!D:D,QUARENTENA!M:M,"")="","",_xlfn.XLOOKUP(E34,QUARENTENA!D:D,QUARENTENA!M:M,"")) -> 46252 | R34: =_xlfn.XLOOKUP(C34,'PARTICULARIDADES AUXILIAR '!A:A,'PARTICULARIDADES AUXILIAR '!C:C,"") | S34: {=_xlfn.XLOOKUP(Tabela3[[#This Row],[LOTE]],VALUE(Painel_Bancada[Lote]),Painel_Bancada[Data Programada],"")} | T34: =_xlfn.XLOOKUP(Tabela3[[#This Row],[LOTE]],'PAINEL - GERAL'!F:F,'PAINEL - GERAL'!C:C,"")
B35: 5001 | C35: 439080 | D35: E TALCO USP MTC | E35: 156342026 | F35: 600 | G35: 46254 | H35: PCP | I35: =Tabela3[[#This Row],[CENTRO (Centro PARA)]]&Tabela3[[#This Row],[CODIGO (Código PARA)]]&Tabela3[[#This Row],[LOTE]]&Tabela3[[#This Row],[DESCRIÇÃO]]&Tabela3[[#This Row],[id]] -> 5001439080156342026E TALCO USP MTC | K35: 46244 | L35: 46238 | M35: =K35+8 -> 46252 | N35: =IF(WEEKDAY(K35,2)=4,K35+11,IF(WEEKDAY(K35,2)=5,K35+11,K35+10)) -> 46254 | O35: =_xlfn.XLOOKUP(Tabela3[[#This Row],[LOTE]],QUARENTENA!D:D,QUARENTENA!I:I,"") -> DU APROVADO | Q35: =IF(_xlfn.XLOOKUP(E35,QUARENTENA!D:D,QUARENTENA!M:M,"")="","",_xlfn.XLOOKUP(E35,QUARENTENA!D:D,QUARENTENA!M:M,"")) -> 46254 | R35: =_xlfn.XLOOKUP(C35,'PARTICULARIDADES AUXILIAR '!A:A,'PARTICULARIDADES AUXILIAR '!C:C,"") -> Alumínio; Cálcio; Magnésio | S35: {=_xlfn.XLOOKUP(Tabela3[[#This Row],[LOTE]],VALUE(Painel_Bancada[Lote]),Painel_Bancada[Data Programada],"")} -> 46251 | T35: =_xlfn.XLOOKUP(Tabela3[[#This Row],[LOTE]],'PAINEL - GERAL'!F:F,'PAINEL - GERAL'!C:C,"")
B36: 5001 | C36: 463348 | D36: CRODAMOL GTCC- LQ_(BR) | E36: 133342026 | F36: 179.967 | G36: 46254 | H36: PCP | I36: =Tabela3[[#This Row],[CENTRO (Centro PARA)]]&Tabela3[[#This Row],[CODIGO (Código PARA)]]&Tabela3[[#This Row],[LOTE]]&Tabela3[[#This Row],[DESCRIÇÃO]]&Tabela3[[#This Row],[id]] -> 5001463348133342026CRODAMOL GTCC- LQ_(BR) | K36: 46244 | L36: 46238 | M36: =K36+8 -> 46252 | N36: =IF(WEEKDAY(K36,2)=4,K36+11,IF(WEEKDAY(K36,2)=5,K36+11,K36+10)) -> 46254 | O36: DU APROVADO | Q36: 46218 | R36: =_xlfn.XLOOKUP(C36,'PARTICULARIDADES AUXILIAR '!A:A,'PARTICULARIDADES AUXILIAR '!C:C,"") -> Check doc | S36: {=_xlfn.XLOOKUP(Tabela3[[#This Row],[LOTE]],VALUE(Painel_Bancada[Lote]),Painel_Bancada[Data Programada],"")} | T36: =_xlfn.XLOOKUP(Tabela3[[#This Row],[LOTE]],'PAINEL - GERAL'!F:F,'PAINEL - GERAL'!C:C,"")
B37: 5001 | C37: 465107 | D37: HESPERIDINA QF3 | E37: 171382026 | F37: 1000 | G37: 46254 | H37: PCP | I37: =Tabela3[[#This Row],[CENTRO (Centro PARA)]]&Tabela3[[#This Row],[CODIGO (Código PARA)]]&Tabela3[[#This Row],[LOTE]]&Tabela3[[#This Row],[DESCRIÇÃO]]&Tabela3[[#This Row],[id]] -> 5001465107171382026HESPERIDINA QF3 | K37: 46244 | L37: 46238 | M37: =K37+8 -> 46252 | N37: =IF(WEEKDAY(K37,2)=4,K37+11,IF(WEEKDAY(K37,2)=5,K37+11,K37+10)) -> 46254 | O37: =_xlfn.XLOOKUP(Tabela3[[#This Row],[LOTE]],QUARENTENA!D:D,QUARENTENA!I:I,"") -> DU APROVADO | P37: amostragem - atraso de entrega de amostra / RO | Q37: =IF(_xlfn.XLOOKUP(E37,QUARENTENA!D:D,QUARENTENA!M:M,"")="","",_xlfn.XLOOKUP(E37,QUARENTENA!D:D,QUARENTENA!M:M,"")) -> 46256 | R37: =_xlfn.XLOOKUP(C37,'PARTICULARIDADES AUXILIAR '!A:A,'PARTICULARIDADES AUXILIAR '!C:C,"") | S37: {=_xlfn.XLOOKUP(Tabela3[[#This Row],[LOTE]],VALUE(Painel_Bancada[Lote]),Painel_Bancada[Data Programada],"")} -> 46253 | T37: =_xlfn.XLOOKUP(Tabela3[[#This Row],[LOTE]],'PAINEL - GERAL'!F:F,'PAINEL - GERAL'!C:C,"")
B38: 5001 | C38: 470118 | D38: CLORETO DE SODIO 2 | E38: 150602026 | F38: 4575 | G38: 46254 | H38: PCP | I38: =Tabela3[[#This Row],[CENTRO (Centro PARA)]]&Tabela3[[#This Row],[CODIGO (Código PARA)]]&Tabela3[[#This Row],[LOTE]]&Tabela3[[#This Row],[DESCRIÇÃO]]&Tabela3[[#This Row],[id]] -> 5001470118150602026CLORETO DE SODIO 2 | K38: 46244 | L38: 46238 | M38: =K38+8 -> 46252 | N38: =IF(WEEKDAY(K38,2)=4,K38+11,IF(WEEKDAY(K38,2)=5,K38+11,K38+10)) -> 46254 | O38: =_xlfn.XLOOKUP(Tabela3[[#This Row],[LOTE]],QUARENTENA!D:D,QUARENTENA!I:I,"") -> DU APROVADO | Q38: =IF(_xlfn.XLOOKUP(E38,QUARENTENA!D:D,QUARENTENA!M:M,"")="","",_xlfn.XLOOKUP(E38,QUARENTENA!D:D,QUARENTENA!M:M,"")) -> 46290 | R38: =_xlfn.XLOOKUP(C38,'PARTICULARIDADES AUXILIAR '!A:A,'PARTICULARIDADES AUXILIAR '!C:C,"") -> ID - repouso 24 horas | S38: {=_xlfn.XLOOKUP(Tabela3[[#This Row],[LOTE]],VALUE(Painel_Bancada[Lote]),Painel_Bancada[Data Programada],"")} -> 46245 | T38: =_xlfn.XLOOKUP(Tabela3[[#This Row],[LOTE]],'PAINEL - GERAL'!F:F,'PAINEL - GERAL'!C:C,"")
B39: 5001 | C39: 470911 | D39: COPOVIDONA BAIXO TEOR PEROXIDO | E39: 133762026 | F39: 38.56 | G39: 46254 | H39: PCP | I39: =Tabela3[[#This Row],[CENTRO (Centro PARA)]]&Tabela3[[#This Row],[CODIGO (Código PARA)]]&Tabela3[[#This Row],[LOTE]]&Tabela3[[#This Row],[DESCRIÇÃO]]&Tabela3[[#This Row],[id]] -> 5001470911133762026COPOVIDONA BAIXO TEOR PEROXIDO | K39: 46244 | L39: 46238 | M39: =K39+8 -> 46252 | N39: =IF(WEEKDAY(K39,2)=4,K39+11,IF(WEEKDAY(K39,2)=5,K39+11,K39+10)) -> 46254 | O39: =_xlfn.XLOOKUP(Tabela3[[#This Row],[LOTE]],QUARENTENA!D:D,QUARENTENA!I:I,"") -> AG. AMOSTRA | P39: NÃO TEM MÉTODO VIGENTE | Q39: =IF(_xlfn.XLOOKUP(E39,QUARENTENA!D:D,QUARENTENA!M:M,"")="","",_xlfn.XLOOKUP(E39,QUARENTENA!D:D,QUARENTENA!M:M,"")) | R39: =_xlfn.XLOOKUP(C39,'PARTICULARIDADES AUXILIAR '!A:A,'PARTICULARIDADES AUXILIAR '!C:C,"") | S39: {=_xlfn.XLOOKUP(Tabela3[[#This Row],[LOTE]],VALUE(Painel_Bancada[Lote]),Painel_Bancada[Data Programada],"")} | T39: =_xlfn.XLOOKUP(Tabela3[[#This Row],[LOTE]],'PAINEL - GERAL'!F:F,'PAINEL - GERAL'!C:C,"")
B40: 5001 | C40: 410072 | D40: BASE POLIETILENO PETROLATO NEO | E40: 134222026 | F40: 1700 | G40: 46254 | H40: OPORTUNIDADE | I40: =Tabela3[[#This Row],[CENTRO (Centro PARA)]]&Tabela3[[#This Row],[CODIGO (Código PARA)]]&Tabela3[[#This Row],[LOTE]]&Tabela3[[#This Row],[DESCRIÇÃO]]&Tabela3[[#This Row],[id]] -> 5001410072134222026BASE POLIETILENO PETROLATO NEO | K40: 46244 | L40: 46238 | M40: =K40+8 -> 46252 | N40: =IF(WEEKDAY(K40,2)=4,K40+11,IF(WEEKDAY(K40,2)=5,K40+11,K40+10)) -> 46254 | O40: =_xlfn.XLOOKUP(Tabela3[[#This Row],[LOTE]],QUARENTENA!D:D,QUARENTENA!I:I,"") -> DU APROVADO | P40: MATERIAL EM TERCEIRO | Q40: =IF(_xlfn.XLOOKUP(E40,QUARENTENA!D:D,QUARENTENA!M:M,"")="","",_xlfn.XLOOKUP(E40,QUARENTENA!D:D,QUARENTENA!M:M,"")) -> 46276 | R40: =_xlfn.XLOOKUP(C40,'PARTICULARIDADES AUXILIAR '!A:A,'PARTICULARIDADES AUXILIAR '!C:C,"") | S40: {=_xlfn.XLOOKUP(Tabela3[[#This Row],[LOTE]],VALUE(Painel_Bancada[Lote]),Painel_Bancada[Data Programada],"")} -> 46253 | T40: =_xlfn.XLOOKUP(Tabela3[[#This Row],[LOTE]],'PAINEL - GERAL'!F:F,'PAINEL - GERAL'!C:C,"")
B41: 5001 | C41: 438130 | D41: E CARBONATO DE DICAPRILA MTCD | E41: 160372026 | F41: 1400 | G41: 46254 | H41: PCP | I41: =Tabela3[[#This Row],[CENTRO (Centro PARA)]]&Tabela3[[#This Row],[CODIGO (Código PARA)]]&Tabela3[[#This Row],[LOTE]]&Tabela3[[#This Row],[DESCRIÇÃO]]&Tabela3[[#This Row],[id]] -> 5001438130160372026E CARBONATO DE DICAPRILA MTCD | K41: 46244 | L41: 46238 | M41: =K41+8 -> 46252 | N41: =IF(WEEKDAY(K41,2)=4,K41+11,IF(WEEKDAY(K41,2)=5,K41+11,K41+10)) -> 46254 | O41: =_xlfn.XLOOKUP(Tabela3[[#This Row],[LOTE]],QUARENTENA!D:D,QUARENTENA!I:I,"") -> DU APROVADO | P41: MATERIAL EM TERCEIRO | Q41: =IF(_xlfn.XLOOKUP(E41,QUARENTENA!D:D,QUARENTENA!M:M,"")="","",_xlfn.XLOOKUP(E41,QUARENTENA!D:D,QUARENTENA!M:M,"")) -> 46252 | R41: =_xlfn.XLOOKUP(C41,'PARTICULARIDADES AUXILIAR '!A:A,'PARTICULARIDADES AUXILIAR '!C:C,"") -> Check doc | S41: {=_xlfn.XLOOKUP(Tabela3[[#This Row],[LOTE]],VALUE(Painel_Bancada[Lote]),Painel_Bancada[Data Programada],"")} | T41: =_xlfn.XLOOKUP(Tabela3[[#This Row],[LOTE]],'PAINEL - GERAL'!F:F,'PAINEL - GERAL'!C:C,"")
B42: 5001 | C42: 462789 | D42: PRONALEN PIELES SENSIBLES PSP | E42: 160322026 | F42: 10 | G42: 46254 | H42: PCP | I42: =Tabela3[[#This Row],[CENTRO (Centro PARA)]]&Tabela3[[#This Row],[CODIGO (Código PARA)]]&Tabela3[[#This Row],[LOTE]]&Tabela3[[#This Row],[DESCRIÇÃO]]&Tabela3[[#This Row],[id]] -> 5001462789160322026PRONALEN PIELES SENSIBLES PSP | K42: 46244 | L42: 46238 | M42: =K42+8 -> 46252 | N42: =IF(WEEKDAY(K42,2)=4,K42+11,IF(WEEKDAY(K42,2)=5,K42+11,K42+10)) -> 46254 | O42: =_xlfn.XLOOKUP(Tabela3[[#This Row],[LOTE]],QUARENTENA!D:D,QUARENTENA!I:I,"") -> DU APROVADO | Q42: =IF(_xlfn.XLOOKUP(E42,QUARENTENA!D:D,QUARENTENA!M:M,"")="","",_xlfn.XLOOKUP(E42,QUARENTENA!D:D,QUARENTENA!M:M,"")) -> 46244 | R42: =_xlfn.XLOOKUP(C42,'PARTICULARIDADES AUXILIAR '!A:A,'PARTICULARIDADES AUXILIAR '!C:C,"") -> Check doc | S42: {=_xlfn.XLOOKUP(Tabela3[[#This Row],[LOTE]],VALUE(Painel_Bancada[Lote]),Painel_Bancada[Data Programada],"")} | T42: =_xlfn.XLOOKUP(Tabela3[[#This Row],[LOTE]],'PAINEL - GERAL'!F:F,'PAINEL - GERAL'!C:C,"")
B43: 5001 | C43: 445539 | D43: SENSOLENE MTCD | E43: 150162026 | F43: 138 | G43: 46254 | H43: PCP | I43: =Tabela3[[#This Row],[CENTRO (Centro PARA)]]&Tabela3[[#This Row],[CODIGO (Código PARA)]]&Tabela3[[#This Row],[LOTE]]&Tabela3[[#This Row],[DESCRIÇÃO]]&Tabela3[[#This Row],[id]] -> 5001445539150162026SENSOLENE MTCD | K43: 46244 | L43: 46238 | M43: =K43+8 -> 46252 | N43: =IF(WEEKDAY(K43,2)=4,K43+11,IF(WEEKDAY(K43,2)=5,K43+11,K43+10)) -> 46254 | O43: =_xlfn.XLOOKUP(Tabela3[[#This Row],[LOTE]],QUARENTENA!D:D,QUARENTENA!I:I,"") -> DU APROVADO | Q43: =IF(_xlfn.XLOOKUP(E43,QUARENTENA!D:D,QUARENTENA!M:M,"")="","",_xlfn.XLOOKUP(E43,QUARENTENA!D:D,QUARENTENA!M:M,"")) -> 46244 | R43: =_xlfn.XLOOKUP(C43,'PARTICULARIDADES AUXILIAR '!A:A,'PARTICULARIDADES AUXILIAR '!C:C,"") -> Check doc | S43: {=_xlfn.XLOOKUP(Tabela3[[#This Row],[LOTE]],VALUE(Painel_Bancada[Lote]),Painel_Bancada[Data Programada],"")} | T43: =_xlfn.XLOOKUP(Tabela3[[#This Row],[LOTE]],'PAINEL - GERAL'!F:F,'PAINEL - GERAL'!C:C,"")
B44: 5001 | C44: 463057 | D44: DIPIRONA MONOIDRATADA | E44: 150942026 | F44: 2175 | G44: 46254 | H44: PCP | I44: =Tabela3[[#This Row],[CENTRO (Centro PARA)]]&Tabela3[[#This Row],[CODIGO (Código PARA)]]&Tabela3[[#This Row],[LOTE]]&Tabela3[[#This Row],[DESCRIÇÃO]]&Tabela3[[#This Row],[id]] -> 5001463057150942026DIPIRONA MONOIDRATADA | K44: 46244 | L44: 46238 | M44: =K44+8 -> 46252 | N44: =IF(WEEKDAY(K44,2)=4,K44+11,IF(WEEKDAY(K44,2)=5,K44+11,K44+10)) -> 46254 | O44: =_xlfn.XLOOKUP(Tabela3[[#This Row],[LOTE]],QUARENTENA!D:D,QUARENTENA!I:I,"") -> DU APROVADO | Q44: =IF(_xlfn.XLOOKUP(E44,QUARENTENA!D:D,QUARENTENA!M:M,"")="","",_xlfn.XLOOKUP(E44,QUARENTENA!D:D,QUARENTENA!M:M,"")) -> 46242 | R44: =_xlfn.XLOOKUP(C44,'PARTICULARIDADES AUXILIAR '!A:A,'PARTICULARIDADES AUXILIAR '!C:C,"") -> Polícia Federal | S44: {=_xlfn.XLOOKUP(Tabela3[[#This Row],[LOTE]],VALUE(Painel_Bancada[Lote]),Painel_Bancada[Data Programada],"")} -> 46240 | T44: =_xlfn.XLOOKUP(Tabela3[[#This Row],[LOTE]],'PAINEL - GERAL'!F:F,'PAINEL - GERAL'!C:C,"")
B45: 2017 | C45: 461423 | D45: AROMA CLOUD COMPOUND F22N763 | E45: 10702026 | F45: 200 | G45: 46254 | H45: PCP | I45: =Tabela3[[#This Row],[CENTRO (Centro PARA)]]&Tabela3[[#This Row],[CODIGO (Código PARA)]]&Tabela3[[#This Row],[LOTE]]&Tabela3[[#This Row],[DESCRIÇÃO]]&Tabela3[[#This Row],[id]] -> 201746142310702026AROMA CLOUD COMPOUND F22N763 | K45: 46244 | L45: 46238 | M45: =K45+8 -> 46252 | N45: =IF(WEEKDAY(K45,2)=4,K45+11,IF(WEEKDAY(K45,2)=5,K45+11,K45+10)) -> 46254 | O45: =_xlfn.XLOOKUP(Tabela3[[#This Row],[LOTE]],QUARENTENA!D:D,QUARENTENA!I:I,"") -> DU APROVADO | Q45: =IF(_xlfn.XLOOKUP(E45,QUARENTENA!D:D,QUARENTENA!M:M,"")="","",_xlfn.XLOOKUP(E45,QUARENTENA!D:D,QUARENTENA!M:M,"")) -> 46251 | R45: =_xlfn.XLOOKUP(C45,'PARTICULARIDADES AUXILIAR '!A:A,'PARTICULARIDADES AUXILIAR '!C:C,"") -> Check doc | S45: {=_xlfn.XLOOKUP(Tabela3[[#This Row],[LOTE]],VALUE(Painel_Bancada[Lote]),Painel_Bancada[Data Programada],"")} | T45: =_xlfn.XLOOKUP(Tabela3[[#This Row],[LOTE]],'PAINEL - GERAL'!F:F,'PAINEL - GERAL'!C:C,"")
B46: 5001 | C46: 423621 | D46: HIDROXIDO DE ALUMINIO PO LPR | E46: 163532026 | F46: 900 | G46: 46254 | H46: PCP | I46: =Tabela3[[#This Row],[CENTRO (Centro PARA)]]&Tabela3[[#This Row],[CODIGO (Código PARA)]]&Tabela3[[#This Row],[LOTE]]&Tabela3[[#This Row],[DESCRIÇÃO]]&Tabela3[[#This Row],[id]] -> 5001423621163532026HIDROXIDO DE ALUMINIO PO LPR | K46: 46244 | L46: 46238 | M46: =K46+8 -> 46252 | N46: =IF(WEEKDAY(K46,2)=4,K46+11,IF(WEEKDAY(K46,2)=5,K46+11,K46+10)) -> 46254 | O46: =_xlfn.XLOOKUP(Tabela3[[#This Row],[LOTE]],QUARENTENA!D:D,QUARENTENA!I:I,"") -> DU APROVADO | Q46: =IF(_xlfn.XLOOKUP(E46,QUARENTENA!D:D,QUARENTENA!M:M,"")="","",_xlfn.XLOOKUP(E46,QUARENTENA!D:D,QUARENTENA!M:M,"")) -> 46253 | R46: =_xlfn.XLOOKUP(C46,'PARTICULARIDADES AUXILIAR '!A:A,'PARTICULARIDADES AUXILIAR '!C:C,"") | S46: {=_xlfn.XLOOKUP(Tabela3[[#This Row],[LOTE]],VALUE(Painel_Bancada[Lote]),Painel_Bancada[Data Programada],"")} -> 46246 | T46: =_xlfn.XLOOKUP(Tabela3[[#This Row],[LOTE]],'PAINEL - GERAL'!F:F,'PAINEL - GERAL'!C:C,"")
B47: 5001 | C47: 478553 | D47: PARACETAMOL QF3 | E47: 102452026 | F47: 3900 | G47: 46254 | H47: PCP | I47: =Tabela3[[#This Row],[CENTRO (Centro PARA)]]&Tabela3[[#This Row],[CODIGO (Código PARA)]]&Tabela3[[#This Row],[LOTE]]&Tabela3[[#This Row],[DESCRIÇÃO]]&Tabela3[[#This Row],[id]] -> 5001478553102452026PARACETAMOL QF3 | K47: 46244 | L47: 46238 | M47: =K47+8 -> 46252 | N47: =IF(WEEKDAY(K47,2)=4,K47+11,IF(WEEKDAY(K47,2)=5,K47+11,K47+10)) -> 46254 | O47: =_xlfn.XLOOKUP(Tabela3[[#This Row],[LOTE]],QUARENTENA!D:D,QUARENTENA!I:I,"") -> DU APROVADO | Q47: =IF(_xlfn.XLOOKUP(E47,QUARENTENA!D:D,QUARENTENA!M:M,"")="","",_xlfn.XLOOKUP(E47,QUARENTENA!D:D,QUARENTENA!M:M,"")) -> 46246 | R47: =_xlfn.XLOOKUP(C47,'PARTICULARIDADES AUXILIAR '!A:A,'PARTICULARIDADES AUXILIAR '!C:C,"") -> Polícia Federal | S47: {=_xlfn.XLOOKUP(Tabela3[[#This Row],[LOTE]],VALUE(Painel_Bancada[Lote]),Painel_Bancada[Data Programada],"")} -> 46241 | T47: =_xlfn.XLOOKUP(Tabela3[[#This Row],[LOTE]],'PAINEL - GERAL'!F:F,'PAINEL - GERAL'!C:C,"")
B48: 5001 | C48: 410026 | D48: LACTOSE SUPER TAB FLOWLAC NEO | E48: 159692026 | F48: 18950 | G48: 46254 | H48: PCP | I48: =Tabela3[[#This Row],[CENTRO (Centro PARA)]]&Tabela3[[#This Row],[CODIGO (Código PARA)]]&Tabela3[[#This Row],[LOTE]]&Tabela3[[#This Row],[DESCRIÇÃO]]&Tabela3[[#This Row],[id]] -> 5001410026159692026LACTOSE SUPER TAB FLOWLAC NEO | K48: 46244 | L48: 46238 | M48: =K48+8 -> 46252 | N48: =IF(WEEKDAY(K48,2)=4,K48+11,IF(WEEKDAY(K48,2)=5,K48+11,K48+10)) -> 46254 | O48: =_xlfn.XLOOKUP(Tabela3[[#This Row],[LOTE]],QUARENTENA!D:D,QUARENTENA!I:I,"") -> DU APROVADO | Q48: =IF(_xlfn.XLOOKUP(E48,QUARENTENA!D:D,QUARENTENA!M:M,"")="","",_xlfn.XLOOKUP(E48,QUARENTENA!D:D,QUARENTENA!M:M,"")) -> 46259 | R48: =_xlfn.XLOOKUP(C48,'PARTICULARIDADES AUXILIAR '!A:A,'PARTICULARIDADES AUXILIAR '!C:C,"") | S48: {=_xlfn.XLOOKUP(Tabela3[[#This Row],[LOTE]],VALUE(Painel_Bancada[Lote]),Painel_Bancada[Data Programada],"")} | T48: =_xlfn.XLOOKUP(Tabela3[[#This Row],[LOTE]],'PAINEL - GERAL'!F:F,'PAINEL - GERAL'!C:C,"")
B49: 5001 | C49: 439079 | D49: E LACTOSE USP 100 MESH MTC | E49: 147412026 | F49: 2100 | G49: 46254 | H49: PCP | I49: =Tabela3[[#This Row],[CENTRO (Centro PARA)]]&Tabela3[[#This Row],[CODIGO (Código PARA)]]&Tabela3[[#This Row],[LOTE]]&Tabela3[[#This Row],[DESCRIÇÃO]]&Tabela3[[#This Row],[id]] -> 5001439079147412026E LACTOSE USP 100 MESH MTC | K49: 46244 | L49: 46238 | M49: =K49+8 -> 46252 | N49: =IF(WEEKDAY(K49,2)=4,K49+11,IF(WEEKDAY(K49,2)=5,K49+11,K49+10)) -> 46254 | O49: =_xlfn.XLOOKUP(Tabela3[[#This Row],[LOTE]],QUARENTENA!D:D,QUARENTENA!I:I,"") -> DU APROVADO | Q49: =IF(_xlfn.XLOOKUP(E49,QUARENTENA!D:D,QUARENTENA!M:M,"")="","",_xlfn.XLOOKUP(E49,QUARENTENA!D:D,QUARENTENA!M:M,"")) -> 46245 | R49: =_xlfn.XLOOKUP(C49,'PARTICULARIDADES AUXILIAR '!A:A,'PARTICULARIDADES AUXILIAR '!C:C,"") | S49: {=_xlfn.XLOOKUP(Tabela3[[#This Row],[LOTE]],VALUE(Painel_Bancada[Lote]),Painel_Bancada[Data Programada],"")} -> 46241 | T49: =_xlfn.XLOOKUP(Tabela3[[#This Row],[LOTE]],'PAINEL - GERAL'!F:F,'PAINEL - GERAL'!C:C,"")
B50: 5001 | C50: 462554 | D50: OPADRY II 85F820011 YELLOW | E50: 157182026 | F50: 19.63 | G50: 46254 | H50: PCP | I50: =Tabela3[[#This Row],[CENTRO (Centro PARA)]]&Tabela3[[#This Row],[CODIGO (Código PARA)]]&Tabela3[[#This Row],[LOTE]]&Tabela3[[#This Row],[DESCRIÇÃO]]&Tabela3[[#This Row],[id]] -> 5001462554157182026OPADRY II 85F820011 YELLOW | K50: 46244 | L50: 46238 | M50: =K50+8 -> 46252 | N50: =IF(WEEKDAY(K50,2)=4,K50+11,IF(WEEKDAY(K50,2)=5,K50+11,K50+10)) -> 46254 | O50: =_xlfn.XLOOKUP(Tabela3[[#This Row],[LOTE]],QUARENTENA!D:D,QUARENTENA!I:I,"") -> DU APROVADO | Q50: =IF(_xlfn.XLOOKUP(E50,QUARENTENA!D:D,QUARENTENA!M:M,"")="","",_xlfn.XLOOKUP(E50,QUARENTENA!D:D,QUARENTENA!M:M,"")) -> 46242 | R50: =_xlfn.XLOOKUP(C50,'PARTICULARIDADES AUXILIAR '!A:A,'PARTICULARIDADES AUXILIAR '!C:C,"") | S50: {=_xlfn.XLOOKUP(Tabela3[[#This Row],[LOTE]],VALUE(Painel_Bancada[Lote]),Painel_Bancada[Data Programada],"")} -> 46232 | T50: =_xlfn.XLOOKUP(Tabela3[[#This Row],[LOTE]],'PAINEL - GERAL'!F:F,'PAINEL - GERAL'!C:C,"")
B51: 5001 | C51: 410057 | D51: POLISSORBATO 80 NEO | E51: 161462026 | F51: 29.75 | G51: 46254 | H51: PCP | I51: =Tabela3[[#This Row],[CENTRO (Centro PARA)]]&Tabela3[[#This Row],[CODIGO (Código PARA)]]&Tabela3[[#This Row],[LOTE]]&Tabela3[[#This Row],[DESCRIÇÃO]]&Tabela3[[#This Row],[id]] -> 5001410057161462026POLISSORBATO 80 NEO | K51: 46244 | L51: 46238 | M51: =K51+8 -> 46252 | N51: =IF(WEEKDAY(K51,2)=4,K51+11,IF(WEEKDAY(K51,2)=5,K51+11,K51+10)) -> 46254 | O51: =_xlfn.XLOOKUP(Tabela3[[#This Row],[LOTE]],QUARENTENA!D:D,QUARENTENA!I:I,"") -> DU APROVADO | Q51: =IF(_xlfn.XLOOKUP(E51,QUARENTENA!D:D,QUARENTENA!M:M,"")="","",_xlfn.XLOOKUP(E51,QUARENTENA!D:D,QUARENTENA!M:M,"")) -> 46252 | R51: =_xlfn.XLOOKUP(C51,'PARTICULARIDADES AUXILIAR '!A:A,'PARTICULARIDADES AUXILIAR '!C:C,"") -> Solução repouso por 10 dias | S51: {=_xlfn.XLOOKUP(Tabela3[[#This Row],[LOTE]],VALUE(Painel_Bancada[Lote]),Painel_Bancada[Data Programada],"")} -> 46251 | T51: =_xlfn.XLOOKUP(Tabela3[[#This Row],[LOTE]],'PAINEL - GERAL'!F:F,'PAINEL - GERAL'!C:C,"")
B52: 5001 | C52: 410221 | D52: SUCRALOSE NEO | E52: 162612026 | F52: 529.8 | G52: 46254 | H52: PCP | I52: =Tabela3[[#This Row],[CENTRO (Centro PARA)]]&Tabela3[[#This Row],[CODIGO (Código PARA)]]&Tabela3[[#This Row],[LOTE]]&Tabela3[[#This Row],[DESCRIÇÃO]]&Tabela3[[#This Row],[id]] -> 5001410221162612026SUCRALOSE NEO | K52: 46244 | L52: 46238 | M52: =K52+8 -> 46252 | N52: =IF(WEEKDAY(K52,2)=4,K52+11,IF(WEEKDAY(K52,2)=5,K52+11,K52+10)) -> 46254 | O52: =_xlfn.XLOOKUP(Tabela3[[#This Row],[LOTE]],QUARENTENA!D:D,QUARENTENA!I:I,"") -> DU APROVADO | Q52: =IF(_xlfn.XLOOKUP(E52,QUARENTENA!D:D,QUARENTENA!M:M,"")="","",_xlfn.XLOOKUP(E52,QUARENTENA!D:D,QUARENTENA!M:M,"")) -> 46254 | R52: =_xlfn.XLOOKUP(C52,'PARTICULARIDADES AUXILIAR '!A:A,'PARTICULARIDADES AUXILIAR '!C:C,"") | S52: {=_xlfn.XLOOKUP(Tabela3[[#This Row],[LOTE]],VALUE(Painel_Bancada[Lote]),Painel_Bancada[Data Programada],"")} -> 46246 | T52: =_xlfn.XLOOKUP(Tabela3[[#This Row],[LOTE]],'PAINEL - GERAL'!F:F,'PAINEL - GERAL'!C:C,"")
B53: 5001 | C53: 459336 | D53: LHPC NBD 021 | E53: 149462026 | F53: 499.88 | G53: 46254 | H53: PCP | I53: =Tabela3[[#This Row],[CENTRO (Centro PARA)]]&Tabela3[[#This Row],[CODIGO (Código PARA)]]&Tabela3[[#This Row],[LOTE]]&Tabela3[[#This Row],[DESCRIÇÃO]]&Tabela3[[#This Row],[id]] -> 5001459336149462026LHPC NBD 021 | K53: 46244 | L53: 46238 | M53: =K53+8 -> 46252 | N53: =IF(WEEKDAY(K53,2)=4,K53+11,IF(WEEKDAY(K53,2)=5,K53+11,K53+10)) -> 46254 | O53: =_xlfn.XLOOKUP(Tabela3[[#This Row],[LOTE]],QUARENTENA!D:D,QUARENTENA!I:I,"") -> DU APROVADO | Q53: =IF(_xlfn.XLOOKUP(E53,QUARENTENA!D:D,QUARENTENA!M:M,"")="","",_xlfn.XLOOKUP(E53,QUARENTENA!D:D,QUARENTENA!M:M,"")) -> 46251 | R53: =_xlfn.XLOOKUP(C53,'PARTICULARIDADES AUXILIAR '!A:A,'PARTICULARIDADES AUXILIAR '!C:C,"") | S53: {=_xlfn.XLOOKUP(Tabela3[[#This Row],[LOTE]],VALUE(Painel_Bancada[Lote]),Painel_Bancada[Data Programada],"")} -> 46246 | T53: =_xlfn.XLOOKUP(Tabela3[[#This Row],[LOTE]],'PAINEL - GERAL'!F:F,'PAINEL - GERAL'!C:C,"")
B54: 5001 | C54: 422364 | D54: CITRATO COLINA | E54: 94062026 | F54: 1000 | G54: 46254 | H54: PCP | I54: =Tabela3[[#This Row],[CENTRO (Centro PARA)]]&Tabela3[[#This Row],[CODIGO (Código PARA)]]&Tabela3[[#This Row],[LOTE]]&Tabela3[[#This Row],[DESCRIÇÃO]]&Tabela3[[#This Row],[id]] -> 500142236494062026CITRATO COLINA | K54: 46244 | L54: 46238 | M54: =K54+8 -> 46252 | N54: =IF(WEEKDAY(K54,2)=4,K54+11,IF(WEEKDAY(K54,2)=5,K54+11,K54+10)) -> 46254 | O54: =_xlfn.XLOOKUP(Tabela3[[#This Row],[LOTE]],QUARENTENA!D:D,QUARENTENA!I:I,"") -> DU APROVADO | P54: MATERIAL EM TERCEIRO | Q54: =IF(_xlfn.XLOOKUP(E54,QUARENTENA!D:D,QUARENTENA!M:M,"")="","",_xlfn.XLOOKUP(E54,QUARENTENA!D:D,QUARENTENA!M:M,"")) -> 46252 | R54: =_xlfn.XLOOKUP(C54,'PARTICULARIDADES AUXILIAR '!A:A,'PARTICULARIDADES AUXILIAR '!C:C,"") -> PF - repouso 24 horas | S54: {=_xlfn.XLOOKUP(Tabela3[[#This Row],[LOTE]],VALUE(Painel_Bancada[Lote]),Painel_Bancada[Data Programada],"")} -> 46247 | T54: =_xlfn.XLOOKUP(Tabela3[[#This Row],[LOTE]],'PAINEL - GERAL'!F:F,'PAINEL - GERAL'!C:C,"")
B55: 5001 | C55: 422413 | D55: HIDROXIDO ALUMINIO GEL SECO | E55: 163702026 | F55: 2000 | G55: 46254 | H55: PCP | I55: =Tabela3[[#This Row],[CENTRO (Centro PARA)]]&Tabela3[[#This Row],[CODIGO (Código PARA)]]&Tabela3[[#This Row],[LOTE]]&Tabela3[[#This Row],[DESCRIÇÃO]]&Tabela3[[#This Row],[id]] -> 5001422413163702026HIDROXIDO ALUMINIO GEL SECO | K55: 46244 | L55: 46238 | M55: =K55+8 -> 46252 | N55: =IF(WEEKDAY(K55,2)=4,K55+11,IF(WEEKDAY(K55,2)=5,K55+11,K55+10)) -> 46254 | O55: =_xlfn.XLOOKUP(Tabela3[[#This Row],[LOTE]],QUARENTENA!D:D,QUARENTENA!I:I,"") -> DU APROVADO | Q55: =IF(_xlfn.XLOOKUP(E55,QUARENTENA!D:D,QUARENTENA!M:M,"")="","",_xlfn.XLOOKUP(E55,QUARENTENA!D:D,QUARENTENA!M:M,"")) -> 46255 | R55: =_xlfn.XLOOKUP(C55,'PARTICULARIDADES AUXILIAR '!A:A,'PARTICULARIDADES AUXILIAR '!C:C,"") | S55: {=_xlfn.XLOOKUP(Tabela3[[#This Row],[LOTE]],VALUE(Painel_Bancada[Lote]),Painel_Bancada[Data Programada],"")} -> 46247 | T55: =_xlfn.XLOOKUP(Tabela3[[#This Row],[LOTE]],'PAINEL - GERAL'!F:F,'PAINEL - GERAL'!C:C,"")
B56: 5001 | C56: 411115 | D56: CAP BRANCA + BRANCA NR.2 | E56: 165222026 | F56: 1575000 | G56: 46254 | H56: PCP | I56: =Tabela3[[#This Row],[CENTRO (Centro PARA)]]&Tabela3[[#This Row],[CODIGO (Código PARA)]]&Tabela3[[#This Row],[LOTE]]&Tabela3[[#This Row],[DESCRIÇÃO]]&Tabela3[[#This Row],[id]] -> 5001411115165222026CAP BRANCA + BRANCA NR.2 | K56: 46244 | L56: 46238 | M56: =K56+8 -> 46252 | N56: =IF(WEEKDAY(K56,2)=4,K56+11,IF(WEEKDAY(K56,2)=5,K56+11,K56+10)) -> 46254 | O56: =_xlfn.XLOOKUP(Tabela3[[#This Row],[LOTE]],QUARENTENA!D:D,QUARENTENA!I:I,"") -> DU APROVADO | Q56: =IF(_xlfn.XLOOKUP(E56,QUARENTENA!D:D,QUARENTENA!M:M,"")="","",_xlfn.XLOOKUP(E56,QUARENTENA!D:D,QUARENTENA!M:M,"")) -> 46254 | R56: =_xlfn.XLOOKUP(C56,'PARTICULARIDADES AUXILIAR '!A:A,'PARTICULARIDADES AUXILIAR '!C:C,"") | S56: {=_xlfn.XLOOKUP(Tabela3[[#This Row],[LOTE]],VALUE(Painel_Bancada[Lote]),Painel_Bancada[Data Programada],"")} | T56: =_xlfn.XLOOKUP(Tabela3[[#This Row],[LOTE]],'PAINEL - GERAL'!F:F,'PAINEL - GERAL'!C:C,"")
B57: 5001 | C57: 409958 | D57: ACIDO BORICO NEO | E57: 132412026 | F57: 125 | G57: 46254 | H57: PCP | I57: =Tabela3[[#This Row],[CENTRO (Centro PARA)]]&Tabela3[[#This Row],[CODIGO (Código PARA)]]&Tabela3[[#This Row],[LOTE]]&Tabela3[[#This Row],[DESCRIÇÃO]]&Tabela3[[#This Row],[id]] -> 5001409958132412026ACIDO BORICO NEO | K57: 46244 | L57: 46238 | M57: =K57+8 -> 46252 | N57: =IF(WEEKDAY(K57,2)=4,K57+11,IF(WEEKDAY(K57,2)=5,K57+11,K57+10)) -> 46254 | O57: =_xlfn.XLOOKUP(Tabela3[[#This Row],[LOTE]],QUARENTENA!D:D,QUARENTENA!I:I,"") -> DU APROVADO | Q57: =IF(_xlfn.XLOOKUP(E57,QUARENTENA!D:D,QUARENTENA!M:M,"")="","",_xlfn.XLOOKUP(E57,QUARENTENA!D:D,QUARENTENA!M:M,"")) -> 46252 | R57: =_xlfn.XLOOKUP(C57,'PARTICULARIDADES AUXILIAR '!A:A,'PARTICULARIDADES AUXILIAR '!C:C,"") -> Polícia Federal | S57: {=_xlfn.XLOOKUP(Tabela3[[#This Row],[LOTE]],VALUE(Painel_Bancada[Lote]),Painel_Bancada[Data Programada],"")} -> 46249 | T57: =_xlfn.XLOOKUP(Tabela3[[#This Row],[LOTE]],'PAINEL - GERAL'!F:F,'PAINEL - GERAL'!C:C,"")
B58: 5001 | C58: 438016 | D58: E CICLOPENTASSILOXANO DC 245 MTCD | E58: 163582026 | F58: 390 | G58: NA | H58: OPORTUNIDADE | I58: =Tabela3[[#This Row],[CENTRO (Centro PARA)]]&Tabela3[[#This Row],[CODIGO (Código PARA)]]&Tabela3[[#This Row],[LOTE]]&Tabela3[[#This Row],[DESCRIÇÃO]]&Tabela3[[#This Row],[id]] -> 5001438016163582026E CICLOPENTASSILOXANO DC 245 MTCD | K58: 46244 | L58: 46238 | M58: =K58+8 -> 46252 | N58: =IF(WEEKDAY(K58,2)=4,K58+11,IF(WEEKDAY(K58,2)=5,K58+11,K58+10)) -> 46254 | O58: =_xlfn.XLOOKUP(Tabela3[[#This Row],[LOTE]],QUARENTENA!D:D,QUARENTENA!I:I,"") -> DU APROVADO | Q58: =IF(_xlfn.XLOOKUP(E58,QUARENTENA!D:D,QUARENTENA!M:M,"")="","",_xlfn.XLOOKUP(E58,QUARENTENA!D:D,QUARENTENA!M:M,"")) -> 46244 | R58: =_xlfn.XLOOKUP(C58,'PARTICULARIDADES AUXILIAR '!A:A,'PARTICULARIDADES AUXILIAR '!C:C,"") -> Inflamável/ Check doc | S58: {=_xlfn.XLOOKUP(Tabela3[[#This Row],[LOTE]],VALUE(Painel_Bancada[Lote]),Painel_Bancada[Data Programada],"")} | T58: =_xlfn.XLOOKUP(Tabela3[[#This Row],[LOTE]],'PAINEL - GERAL'!F:F,'PAINEL - GERAL'!C:C,"")
B59: 5001 | C59: 481627 | D59: FOSF DISSODICO BETAMETASONA USP QF | E59: 152812026 | F59: 1 | G59: NA | H59: OPORTUNIDADE | I59: =Tabela3[[#This Row],[CENTRO (Centro PARA)]]&Tabela3[[#This Row],[CODIGO (Código PARA)]]&Tabela3[[#This Row],[LOTE]]&Tabela3[[#This Row],[DESCRIÇÃO]]&Tabela3[[#This Row],[id]] -> 5001481627152812026FOSF DISSODICO BETAMETASONA USP QF | K59: 46244 | L59: 46238 | M59: =K59+8 -> 46252 | N59: =IF(WEEKDAY(K59,2)=4,K59+11,IF(WEEKDAY(K59,2)=5,K59+11,K59+10)) -> 46254 | O59: =_xlfn.XLOOKUP(Tabela3[[#This Row],[LOTE]],QUARENTENA!D:D,QUARENTENA!I:I,"") -> DU APROVADO | Q59: =IF(_xlfn.XLOOKUP(E59,QUARENTENA!D:D,QUARENTENA!M:M,"")="","",_xlfn.XLOOKUP(E59,QUARENTENA!D:D,QUARENTENA!M:M,"")) -> 46290 | R59: =_xlfn.XLOOKUP(C59,'PARTICULARIDADES AUXILIAR '!A:A,'PARTICULARIDADES AUXILIAR '!C:C,"") | S59: {=_xlfn.XLOOKUP(Tabela3[[#This Row],[LOTE]],VALUE(Painel_Bancada[Lote]),Painel_Bancada[Data Programada],"")} -> 46281 | T59: =_xlfn.XLOOKUP(Tabela3[[#This Row],[LOTE]],'PAINEL - GERAL'!F:F,'PAINEL - GERAL'!C:C,"")
B60: 5001 | C60: 465098 | D60: DIOSMINA QF2 | E60: 146262026 | F60: 1000 | G60: NA | H60: OPORTUNIDADE | I60: =Tabela3[[#This Row],[CENTRO (Centro PARA)]]&Tabela3[[#This Row],[CODIGO (Código PARA)]]&Tabela3[[#This Row],[LOTE]]&Tabela3[[#This Row],[DESCRIÇÃO]]&Tabela3[[#This Row],[id]] -> 5001465098146262026DIOSMINA QF2 | K60: 46244 | L60: 46238 | M60: =K60+8 -> 46252 | N60: =IF(WEEKDAY(K60,2)=4,K60+11,IF(WEEKDAY(K60,2)=5,K60+11,K60+10)) -> 46254 | O60: =_xlfn.XLOOKUP(Tabela3[[#This Row],[LOTE]],QUARENTENA!D:D,QUARENTENA!I:I,"") -> DU APROVADO | Q60: =IF(_xlfn.XLOOKUP(E60,QUARENTENA!D:D,QUARENTENA!M:M,"")="","",_xlfn.XLOOKUP(E60,QUARENTENA!D:D,QUARENTENA!M:M,"")) -> 46246 | R60: =_xlfn.XLOOKUP(C60,'PARTICULARIDADES AUXILIAR '!A:A,'PARTICULARIDADES AUXILIAR '!C:C,"") | S60: {=_xlfn.XLOOKUP(Tabela3[[#This Row],[LOTE]],VALUE(Painel_Bancada[Lote]),Painel_Bancada[Data Programada],"")} -> 46244 | T60: =_xlfn.XLOOKUP(Tabela3[[#This Row],[LOTE]],'PAINEL - GERAL'!F:F,'PAINEL - GERAL'!C:C,"")
B61: 2017 | C61: 464211 | D61: GLICERINA LIQ AL | E61: 12472026 | F61: 1000 | G61: 46255 | H61: PCP | I61: =Tabela3[[#This Row],[CENTRO (Centro PARA)]]&Tabela3[[#This Row],[CODIGO (Código PARA)]]&Tabela3[[#This Row],[LOTE]]&Tabela3[[#This Row],[DESCRIÇÃO]]&Tabela3[[#This Row],[id]] -> 201746421112472026GLICERINA LIQ AL | K61: 46245 | L61: 46238 | M61: =K61+8 -> 46253 | N61: =IF(WEEKDAY(K61,2)=4,K61+11,IF(WEEKDAY(K61,2)=5,K61+11,K61+10)) -> 46255 | O61: =_xlfn.XLOOKUP(Tabela3[[#This Row],[LOTE]],QUARENTENA!D:D,QUARENTENA!I:I,"") -> DU APROVADO | P61: DU APROVADO | Q61: =IF(_xlfn.XLOOKUP(E61,QUARENTENA!D:D,QUARENTENA!M:M,"")="","",_xlfn.XLOOKUP(E61,QUARENTENA!D:D,QUARENTENA!M:M,"")) -> 46251 | R61: =_xlfn.XLOOKUP(C61,'PARTICULARIDADES AUXILIAR '!A:A,'PARTICULARIDADES AUXILIAR '!C:C,"") -> Check doc | S61: {=_xlfn.XLOOKUP(Tabela3[[#This Row],[LOTE]],VALUE(Painel_Bancada[Lote]),Painel_Bancada[Data Programada],"")} | T61: =_xlfn.XLOOKUP(Tabela3[[#This Row],[LOTE]],'PAINEL - GERAL'!F:F,'PAINEL - GERAL'!C:C,"")
B62: 5001 | C62: 410049 | D62: SORBITOL NEO | E62: 46862026 | F62: 1680 | G62: 46255 | H62: PCP | I62: =Tabela3[[#This Row],[CENTRO (Centro PARA)]]&Tabela3[[#This Row],[CODIGO (Código PARA)]]&Tabela3[[#This Row],[LOTE]]&Tabela3[[#This Row],[DESCRIÇÃO]]&Tabela3[[#This Row],[id]] -> 500141004946862026SORBITOL NEO | K62: 46245 | L62: 46238 | M62: =K62+8 -> 46253 | N62: =IF(WEEKDAY(K62,2)=4,K62+11,IF(WEEKDAY(K62,2)=5,K62+11,K62+10)) -> 46255 | O62: =_xlfn.XLOOKUP(Tabela3[[#This Row],[LOTE]],QUARENTENA!D:D,QUARENTENA!I:I,"") -> DU APROVADO | Q62: =IF(_xlfn.XLOOKUP(E62,QUARENTENA!D:D,QUARENTENA!M:M,"")="","",_xlfn.XLOOKUP(E62,QUARENTENA!D:D,QUARENTENA!M:M,"")) -> 46238 | R62: =_xlfn.XLOOKUP(C62,'PARTICULARIDADES AUXILIAR '!A:A,'PARTICULARIDADES AUXILIAR '!C:C,"") | S62: {=_xlfn.XLOOKUP(Tabela3[[#This Row],[LOTE]],VALUE(Painel_Bancada[Lote]),Painel_Bancada[Data Programada],"")} -> 46598 | T62: =_xlfn.XLOOKUP(Tabela3[[#This Row],[LOTE]],'PAINEL - GERAL'!F:F,'PAINEL - GERAL'!C:C,"")
B63: 5001 | C63: 410034 | D63: CELULOSE MICROCRISTALINA MC102 NEO | E63: 151672026 | F63: 2625 | G63: 46255 | H63: PCP | I63: =Tabela3[[#This Row],[CENTRO (Centro PARA)]]&Tabela3[[#This Row],[CODIGO (Código PARA)]]&Tabela3[[#This Row],[LOTE]]&Tabela3[[#This Row],[DESCRIÇÃO]]&Tabela3[[#This Row],[id]] -> 5001410034151672026CELULOSE MICROCRISTALINA MC102 NEO | K63: 46245 | L63: 46238 | M63: =K63+8 -> 46253 | N63: =IF(WEEKDAY(K63,2)=4,K63+11,IF(WEEKDAY(K63,2)=5,K63+11,K63+10)) -> 46255 | O63: =_xlfn.XLOOKUP(Tabela3[[#This Row],[LOTE]],QUARENTENA!D:D,QUARENTENA!I:I,"") -> DU APROVADO | Q63: =IF(_xlfn.XLOOKUP(E63,QUARENTENA!D:D,QUARENTENA!M:M,"")="","",_xlfn.XLOOKUP(E63,QUARENTENA!D:D,QUARENTENA!M:M,"")) -> 46241 | R63: =_xlfn.XLOOKUP(C63,'PARTICULARIDADES AUXILIAR '!A:A,'PARTICULARIDADES AUXILIAR '!C:C,"") | S63: {=_xlfn.XLOOKUP(Tabela3[[#This Row],[LOTE]],VALUE(Painel_Bancada[Lote]),Painel_Bancada[Data Programada],"")} -> 46240 | T63: =_xlfn.XLOOKUP(Tabela3[[#This Row],[LOTE]],'PAINEL - GERAL'!F:F,'PAINEL - GERAL'!C:C,"")
B64: 5001 | C64: 410363 | D64: MIRISTATO DE ISOPROPILA NEO | E64: 94222026 | F64: 175 | G64: 46255 | H64: PCP | I64: =Tabela3[[#This Row],[CENTRO (Centro PARA)]]&Tabela3[[#This Row],[CODIGO (Código PARA)]]&Tabela3[[#This Row],[LOTE]]&Tabela3[[#This Row],[DESCRIÇÃO]]&Tabela3[[#This Row],[id]] -> 500141036394222026MIRISTATO DE ISOPROPILA NEO | K64: 46245 | L64: 46238 | M64: =K64+8 -> 46253 | N64: =IF(WEEKDAY(K64,2)=4,K64+11,IF(WEEKDAY(K64,2)=5,K64+11,K64+10)) -> 46255 | O64: =_xlfn.XLOOKUP(Tabela3[[#This Row],[LOTE]],QUARENTENA!D:D,QUARENTENA!I:I,"") -> DU APROVADO | Q64: =IF(_xlfn.XLOOKUP(E64,QUARENTENA!D:D,QUARENTENA!M:M,"")="","",_xlfn.XLOOKUP(E64,QUARENTENA!D:D,QUARENTENA!M:M,"")) -> 46253 | R64: =_xlfn.XLOOKUP(C64,'PARTICULARIDADES AUXILIAR '!A:A,'PARTICULARIDADES AUXILIAR '!C:C,"") | S64: {=_xlfn.XLOOKUP(Tabela3[[#This Row],[LOTE]],VALUE(Painel_Bancada[Lote]),Painel_Bancada[Data Programada],"")} -> 46251 | T64: =_xlfn.XLOOKUP(Tabela3[[#This Row],[LOTE]],'PAINEL - GERAL'!F:F,'PAINEL - GERAL'!C:C,"")
B65: 5001 | C65: 435160 | D65: E TROLAMINA MTC | E65: 150392026 | F65: 690 | G65: 46255 | H65: PCP | I65: =Tabela3[[#This Row],[CENTRO (Centro PARA)]]&Tabela3[[#This Row],[CODIGO (Código PARA)]]&Tabela3[[#This Row],[LOTE]]&Tabela3[[#This Row],[DESCRIÇÃO]]&Tabela3[[#This Row],[id]] -> 5001435160150392026E TROLAMINA MTC | K65: 46245 | L65: 46238 | M65: =K65+8 -> 46253 | N65: =IF(WEEKDAY(K65,2)=4,K65+11,IF(WEEKDAY(K65,2)=5,K65+11,K65+10)) -> 46255 | O65: =_xlfn.XLOOKUP(Tabela3[[#This Row],[LOTE]],QUARENTENA!D:D,QUARENTENA!I:I,"") -> DU APROVADO | Q65: =IF(_xlfn.XLOOKUP(E65,QUARENTENA!D:D,QUARENTENA!M:M,"")="","",_xlfn.XLOOKUP(E65,QUARENTENA!D:D,QUARENTENA!M:M,"")) -> 46244 | R65: =_xlfn.XLOOKUP(C65,'PARTICULARIDADES AUXILIAR '!A:A,'PARTICULARIDADES AUXILIAR '!C:C,"") -> Check doc / Exército | S65: {=_xlfn.XLOOKUP(Tabela3[[#This Row],[LOTE]],VALUE(Painel_Bancada[Lote]),Painel_Bancada[Data Programada],"")} | T65: =_xlfn.XLOOKUP(Tabela3[[#This Row],[LOTE]],'PAINEL - GERAL'!F:F,'PAINEL - GERAL'!C:C,"")
B66: 5001 | C66: 465100 | D66: CETOPROFENO 1 | E66: 110482026 | F66: 400 | G66: 46255 | H66: PCP | I66: =Tabela3[[#This Row],[CENTRO (Centro PARA)]]&Tabela3[[#This Row],[CODIGO (Código PARA)]]&Tabela3[[#This Row],[LOTE]]&Tabela3[[#This Row],[DESCRIÇÃO]]&Tabela3[[#This Row],[id]] -> 5001465100110482026CETOPROFENO 1 | K66: 46245 | L66: 46238 | M66: =K66+8 -> 46253 | N66: =IF(WEEKDAY(K66,2)=4,K66+11,IF(WEEKDAY(K66,2)=5,K66+11,K66+10)) -> 46255 | O66: =_xlfn.XLOOKUP(Tabela3[[#This Row],[LOTE]],QUARENTENA!D:D,QUARENTENA!I:I,"") -> DU APROVADO | Q66: =IF(_xlfn.XLOOKUP(E66,QUARENTENA!D:D,QUARENTENA!M:M,"")="","",_xlfn.XLOOKUP(E66,QUARENTENA!D:D,QUARENTENA!M:M,"")) -> 46239 | R66: =_xlfn.XLOOKUP(C66,'PARTICULARIDADES AUXILIAR '!A:A,'PARTICULARIDADES AUXILIAR '!C:C,"") | S66: {=_xlfn.XLOOKUP(Tabela3[[#This Row],[LOTE]],VALUE(Painel_Bancada[Lote]),Painel_Bancada[Data Programada],"")} -> 46598 | T66: =_xlfn.XLOOKUP(Tabela3[[#This Row],[LOTE]],'PAINEL - GERAL'!F:F,'PAINEL - GERAL'!C:C,"")
B67: 5001 | C67: 465100 | D67: CETOPROFENO 1 | E67: 110492026 | F67: 400 | G67: 46255 | H67: PCP | I67: =Tabela3[[#This Row],[CENTRO (Centro PARA)]]&Tabela3[[#This Row],[CODIGO (Código PARA)]]&Tabela3[[#This Row],[LOTE]]&Tabela3[[#This Row],[DESCRIÇÃO]]&Tabela3[[#This Row],[id]] -> 5001465100110492026CETOPROFENO 1 | K67: 46245 | L67: 46238 | M67: =K67+8 -> 46253 | N67: =IF(WEEKDAY(K67,2)=4,K67+11,IF(WEEKDAY(K67,2)=5,K67+11,K67+10)) -> 46255 | O67: =_xlfn.XLOOKUP(Tabela3[[#This Row],[LOTE]],QUARENTENA!D:D,QUARENTENA!I:I,"") -> DU APROVADO | Q67: =IF(_xlfn.XLOOKUP(E67,QUARENTENA!D:D,QUARENTENA!M:M,"")="","",_xlfn.XLOOKUP(E67,QUARENTENA!D:D,QUARENTENA!M:M,"")) -> 46239 | R67: =_xlfn.XLOOKUP(C67,'PARTICULARIDADES AUXILIAR '!A:A,'PARTICULARIDADES AUXILIAR '!C:C,"") | S67: {=_xlfn.XLOOKUP(Tabela3[[#This Row],[LOTE]],VALUE(Painel_Bancada[Lote]),Painel_Bancada[Data Programada],"")} -> 46598 | T67: =_xlfn.XLOOKUP(Tabela3[[#This Row],[LOTE]],'PAINEL - GERAL'!F:F,'PAINEL - GERAL'!C:C,"")
B68: 5001 | C68: 465107 | D68: HESPERIDINA QF3 | E68: 171392026 | F68: 775 | G68: 46255 | H68: PCP | I68: =Tabela3[[#This Row],[CENTRO (Centro PARA)]]&Tabela3[[#This Row],[CODIGO (Código PARA)]]&Tabela3[[#This Row],[LOTE]]&Tabela3[[#This Row],[DESCRIÇÃO]]&Tabela3[[#This Row],[id]] -> 5001465107171392026HESPERIDINA QF3 | K68: 46245 | L68: 46238 | M68: =K68+8 -> 46253 | N68: =IF(WEEKDAY(K68,2)=4,K68+11,IF(WEEKDAY(K68,2)=5,K68+11,K68+10)) -> 46255 | O68: =_xlfn.XLOOKUP(Tabela3[[#This Row],[LOTE]],QUARENTENA!D:D,QUARENTENA!I:I,"") -> DU APROVADO | P68: ATRASO DE ENTREGA DE AMOSTRA | Q68: =IF(_xlfn.XLOOKUP(E68,QUARENTENA!D:D,QUARENTENA!M:M,"")="","",_xlfn.XLOOKUP(E68,QUARENTENA!D:D,QUARENTENA!M:M,"")) -> 46256 | R68: =_xlfn.XLOOKUP(C68,'PARTICULARIDADES AUXILIAR '!A:A,'PARTICULARIDADES AUXILIAR '!C:C,"") | S68: {=_xlfn.XLOOKUP(Tabela3[[#This Row],[LOTE]],VALUE(Painel_Bancada[Lote]),Painel_Bancada[Data Programada],"")} -> 46253 | T68: =_xlfn.XLOOKUP(Tabela3[[#This Row],[LOTE]],'PAINEL - GERAL'!F:F,'PAINEL - GERAL'!C:C,"")
B69: 2017 | C69: 484626 | D69: COLAGENO HIDROLISADO AL | E69: 7772026 | F69: 3855 | G69: 46255 | H69: PCP | I69: =Tabela3[[#This Row],[CENTRO (Centro PARA)]]&Tabela3[[#This Row],[CODIGO (Código PARA)]]&Tabela3[[#This Row],[LOTE]]&Tabela3[[#This Row],[DESCRIÇÃO]]&Tabela3[[#This Row],[id]] -> 20174846267772026COLAGENO HIDROLISADO AL | K69: 46245 | L69: 46238 | M69: =K69+8 -> 46253 | N69: =IF(WEEKDAY(K69,2)=4,K69+11,IF(WEEKDAY(K69,2)=5,K69+11,K69+10)) -> 46255 | O69: =_xlfn.XLOOKUP(Tabela3[[#This Row],[LOTE]],QUARENTENA!D:D,QUARENTENA!I:I,"") -> DU APROVADO | Q69: =IF(_xlfn.XLOOKUP(E69,QUARENTENA!D:D,QUARENTENA!M:M,"")="","",_xlfn.XLOOKUP(E69,QUARENTENA!D:D,QUARENTENA!M:M,"")) -> 46239 | R69: =_xlfn.XLOOKUP(C69,'PARTICULARIDADES AUXILIAR '!A:A,'PARTICULARIDADES AUXILIAR '!C:C,"") -> Check doc | S69: {=_xlfn.XLOOKUP(Tabela3[[#This Row],[LOTE]],VALUE(Painel_Bancada[Lote]),Painel_Bancada[Data Programada],"")} | T69: =_xlfn.XLOOKUP(Tabela3[[#This Row],[LOTE]],'PAINEL - GERAL'!F:F,'PAINEL - GERAL'!C:C,"")
B70: 2017 | C70: 484629 | D70: WHEY CONCENTRADO INSTANTANEO PO AL | E70: 12032026 | F70: 560 | G70: 46255 | H70: PCP | I70: =Tabela3[[#This Row],[CENTRO (Centro PARA)]]&Tabela3[[#This Row],[CODIGO (Código PARA)]]&Tabela3[[#This Row],[LOTE]]&Tabela3[[#This Row],[DESCRIÇÃO]]&Tabela3[[#This Row],[id]] -> 201748462912032026WHEY CONCENTRADO INSTANTANEO PO AL | K70: 46245 | L70: 46238 | M70: =K70+8 -> 46253 | N70: =IF(WEEKDAY(K70,2)=4,K70+11,IF(WEEKDAY(K70,2)=5,K70+11,K70+10)) -> 46255 | O70: =_xlfn.XLOOKUP(Tabela3[[#This Row],[LOTE]],QUARENTENA!D:D,QUARENTENA!I:I,"") -> DU APROVADO | Q70: =IF(_xlfn.XLOOKUP(E70,QUARENTENA!D:D,QUARENTENA!M:M,"")="","",_xlfn.XLOOKUP(E70,QUARENTENA!D:D,QUARENTENA!M:M,"")) -> 46239 | R70: =_xlfn.XLOOKUP(C70,'PARTICULARIDADES AUXILIAR '!A:A,'PARTICULARIDADES AUXILIAR '!C:C,"") -> Check doc | S70: {=_xlfn.XLOOKUP(Tabela3[[#This Row],[LOTE]],VALUE(Painel_Bancada[Lote]),Painel_Bancada[Data Programada],"")} | T70: =_xlfn.XLOOKUP(Tabela3[[#This Row],[LOTE]],'PAINEL - GERAL'!F:F,'PAINEL - GERAL'!C:C,"")
B71: 5001 | C71: 463057 | D71: DIPIRONA MONOIDRATADA | E71: 150912026 | F71: 2175 | G71: 46255 | H71: PCP | I71: =Tabela3[[#This Row],[CENTRO (Centro PARA)]]&Tabela3[[#This Row],[CODIGO (Código PARA)]]&Tabela3[[#This Row],[LOTE]]&Tabela3[[#This Row],[DESCRIÇÃO]]&Tabela3[[#This Row],[id]] -> 5001463057150912026DIPIRONA MONOIDRATADA | K71: 46245 | L71: 46238 | M71: =K71+8 -> 46253 | N71: =IF(WEEKDAY(K71,2)=4,K71+11,IF(WEEKDAY(K71,2)=5,K71+11,K71+10)) -> 46255 | O71: =_xlfn.XLOOKUP(Tabela3[[#This Row],[LOTE]],QUARENTENA!D:D,QUARENTENA!I:I,"") -> DU APROVADO | Q71: =IF(_xlfn.XLOOKUP(E71,QUARENTENA!D:D,QUARENTENA!M:M,"")="","",_xlfn.XLOOKUP(E71,QUARENTENA!D:D,QUARENTENA!M:M,"")) -> 46242 | R71: =_xlfn.XLOOKUP(C71,'PARTICULARIDADES AUXILIAR '!A:A,'PARTICULARIDADES AUXILIAR '!C:C,"") -> Polícia Federal | S71: {=_xlfn.XLOOKUP(Tabela3[[#This Row],[LOTE]],VALUE(Painel_Bancada[Lote]),Painel_Bancada[Data Programada],"")} -> 46240 | T71: =_xlfn.XLOOKUP(Tabela3[[#This Row],[LOTE]],'PAINEL - GERAL'!F:F,'PAINEL - GERAL'!C:C,"")
B72: 5001 | C72: 463057 | D72: DIPIRONA MONOIDRATADA | E72: 151812026 | F72: 825 | G72: 46255 | H72: PCP | I72: =Tabela3[[#This Row],[CENTRO (Centro PARA)]]&Tabela3[[#This Row],[CODIGO (Código PARA)]]&Tabela3[[#This Row],[LOTE]]&Tabela3[[#This Row],[DESCRIÇÃO]]&Tabela3[[#This Row],[id]] -> 5001463057151812026DIPIRONA MONOIDRATADA | K72: 46245 | L72: 46238 | M72: =K72+8 -> 46253 | N72: =IF(WEEKDAY(K72,2)=4,K72+11,IF(WEEKDAY(K72,2)=5,K72+11,K72+10)) -> 46255 | O72: =_xlfn.XLOOKUP(Tabela3[[#This Row],[LOTE]],QUARENTENA!D:D,QUARENTENA!I:I,"") -> DU APROVADO | Q72: =IF(_xlfn.XLOOKUP(E72,QUARENTENA!D:D,QUARENTENA!M:M,"")="","",_xlfn.XLOOKUP(E72,QUARENTENA!D:D,QUARENTENA!M:M,"")) -> 46242 | R72: =_xlfn.XLOOKUP(C72,'PARTICULARIDADES AUXILIAR '!A:A,'PARTICULARIDADES AUXILIAR '!C:C,"") -> Polícia Federal | S72: {=_xlfn.XLOOKUP(Tabela3[[#This Row],[LOTE]],VALUE(Painel_Bancada[Lote]),Painel_Bancada[Data Programada],"")} -> 46240 | T72: =_xlfn.XLOOKUP(Tabela3[[#This Row],[LOTE]],'PAINEL - GERAL'!F:F,'PAINEL - GERAL'!C:C,"")
B73: 5001 | C73: 409966 | D73: ALCOOL ISOPROPILICO ISOPROPANOL NEO | E73: 106772026 | F73: 1439.6 | G73: 46255 | H73: PCP | I73: =Tabela3[[#This Row],[CENTRO (Centro PARA)]]&Tabela3[[#This Row],[CODIGO (Código PARA)]]&Tabela3[[#This Row],[LOTE]]&Tabela3[[#This Row],[DESCRIÇÃO]]&Tabela3[[#This Row],[id]] -> 5001409966106772026ALCOOL ISOPROPILICO ISOPROPANOL NEO | K73: 46245 | L73: 46238 | M73: =K73+8 -> 46253 | N73: =IF(WEEKDAY(K73,2)=4,K73+11,IF(WEEKDAY(K73,2)=5,K73+11,K73+10)) -> 46255 | O73: =_xlfn.XLOOKUP(Tabela3[[#This Row],[LOTE]],QUARENTENA!D:D,QUARENTENA!I:I,"") -> DU APROVADO | Q73: =IF(_xlfn.XLOOKUP(E73,QUARENTENA!D:D,QUARENTENA!M:M,"")="","",_xlfn.XLOOKUP(E73,QUARENTENA!D:D,QUARENTENA!M:M,"")) -> 46251 | R73: =_xlfn.XLOOKUP(C73,'PARTICULARIDADES AUXILIAR '!A:A,'PARTICULARIDADES AUXILIAR '!C:C,"") -> Inflamável/ Polícia Civil | S73: {=_xlfn.XLOOKUP(Tabela3[[#This Row],[LOTE]],VALUE(Painel_Bancada[Lote]),Painel_Bancada[Data Programada],"")} -> 46248 | T73: =_xlfn.XLOOKUP(Tabela3[[#This Row],[LOTE]],'PAINEL - GERAL'!F:F,'PAINEL - GERAL'!C:C,"")
B74: 5001 | C74: 445541 | D74: OLIVEM 1000 MTCD | E74: 159162026 | F74: 300 | G74: 46255 | H74: PCP | I74: =Tabela3[[#This Row],[CENTRO (Centro PARA)]]&Tabela3[[#This Row],[CODIGO (Código PARA)]]&Tabela3[[#This Row],[LOTE]]&Tabela3[[#This Row],[DESCRIÇÃO]]&Tabela3[[#This Row],[id]] -> 5001445541159162026OLIVEM 1000 MTCD | K74: 46245 | L74: 46238 | M74: =K74+8 -> 46253 | N74: =IF(WEEKDAY(K74,2)=4,K74+11,IF(WEEKDAY(K74,2)=5,K74+11,K74+10)) -> 46255 | O74: =_xlfn.XLOOKUP(Tabela3[[#This Row],[LOTE]],QUARENTENA!D:D,QUARENTENA!I:I,"") -> DU APROVADO | Q74: =IF(_xlfn.XLOOKUP(E74,QUARENTENA!D:D,QUARENTENA!M:M,"")="","",_xlfn.XLOOKUP(E74,QUARENTENA!D:D,QUARENTENA!M:M,"")) -> 46239 | R74: =_xlfn.XLOOKUP(C74,'PARTICULARIDADES AUXILIAR '!A:A,'PARTICULARIDADES AUXILIAR '!C:C,"") -> Check doc | S74: {=_xlfn.XLOOKUP(Tabela3[[#This Row],[LOTE]],VALUE(Painel_Bancada[Lote]),Painel_Bancada[Data Programada],"")} | T74: =_xlfn.XLOOKUP(Tabela3[[#This Row],[LOTE]],'PAINEL - GERAL'!F:F,'PAINEL - GERAL'!C:C,"")
B75: 5001 | C75: 476040 | D75: PLANTCOL | E75: 149862026 | F75: 120 | G75: 46255 | H75: PCP | I75: =Tabela3[[#This Row],[CENTRO (Centro PARA)]]&Tabela3[[#This Row],[CODIGO (Código PARA)]]&Tabela3[[#This Row],[LOTE]]&Tabela3[[#This Row],[DESCRIÇÃO]]&Tabela3[[#This Row],[id]] -> 5001476040149862026PLANTCOL | K75: 46245 | L75: 46238 | M75: =K75+8 -> 46253 | N75: =IF(WEEKDAY(K75,2)=4,K75+11,IF(WEEKDAY(K75,2)=5,K75+11,K75+10)) -> 46255 | O75: =_xlfn.XLOOKUP(Tabela3[[#This Row],[LOTE]],QUARENTENA!D:D,QUARENTENA!I:I,"") -> DU APROVADO | Q75: =IF(_xlfn.XLOOKUP(E75,QUARENTENA!D:D,QUARENTENA!M:M,"")="","",_xlfn.XLOOKUP(E75,QUARENTENA!D:D,QUARENTENA!M:M,"")) -> 46248 | R75: =_xlfn.XLOOKUP(C75,'PARTICULARIDADES AUXILIAR '!A:A,'PARTICULARIDADES AUXILIAR '!C:C,"") -> Check doc | S75: {=_xlfn.XLOOKUP(Tabela3[[#This Row],[LOTE]],VALUE(Painel_Bancada[Lote]),Painel_Bancada[Data Programada],"")} | T75: =_xlfn.XLOOKUP(Tabela3[[#This Row],[LOTE]],'PAINEL - GERAL'!F:F,'PAINEL - GERAL'!C:C,"")
B76: 5001 | C76: 478553 | D76: PARACETAMOL QF3 | E76: 102402026 | F76: 3400 | G76: 46255 | H76: PCP | I76: =Tabela3[[#This Row],[CENTRO (Centro PARA)]]&Tabela3[[#This Row],[CODIGO (Código PARA)]]&Tabela3[[#This Row],[LOTE]]&Tabela3[[#This Row],[DESCRIÇÃO]]&Tabela3[[#This Row],[id]] -> 5001478553102402026PARACETAMOL QF3 | K76: 46245 | L76: 46238 | M76: =K76+8 -> 46253 | N76: =IF(WEEKDAY(K76,2)=4,K76+11,IF(WEEKDAY(K76,2)=5,K76+11,K76+10)) -> 46255 | O76: =_xlfn.XLOOKUP(Tabela3[[#This Row],[LOTE]],QUARENTENA!D:D,QUARENTENA!I:I,"") -> DU APROVADO | P76: hplc | Q76: =IF(_xlfn.XLOOKUP(E76,QUARENTENA!D:D,QUARENTENA!M:M,"")="","",_xlfn.XLOOKUP(E76,QUARENTENA!D:D,QUARENTENA!M:M,"")) -> 46255 | R76: =_xlfn.XLOOKUP(C76,'PARTICULARIDADES AUXILIAR '!A:A,'PARTICULARIDADES AUXILIAR '!C:C,"") -> Polícia Federal | S76: {=_xlfn.XLOOKUP(Tabela3[[#This Row],[LOTE]],VALUE(Painel_Bancada[Lote]),Painel_Bancada[Data Programada],"")} -> 46249 | T76: =_xlfn.XLOOKUP(Tabela3[[#This Row],[LOTE]],'PAINEL - GERAL'!F:F,'PAINEL - GERAL'!C:C,"")
B77: 5001 | C77: 454929 | D77: CROSPOVIDONE POLYPLASDONE XL 10 | E77: 142772026 | F77: 149.7 | G77: 46255 | H77: PCP | I77: =Tabela3[[#This Row],[CENTRO (Centro PARA)]]&Tabela3[[#This Row],[CODIGO (Código PARA)]]&Tabela3[[#This Row],[LOTE]]&Tabela3[[#This Row],[DESCRIÇÃO]]&Tabela3[[#This Row],[id]] -> 5001454929142772026CROSPOVIDONE POLYPLASDONE XL 10 | K77: 46245 | L77: 46238 | M77: =K77+8 -> 46253 | N77: =IF(WEEKDAY(K77,2)=4,K77+11,IF(WEEKDAY(K77,2)=5,K77+11,K77+10)) -> 46255 | O77: =_xlfn.XLOOKUP(Tabela3[[#This Row],[LOTE]],QUARENTENA!D:D,QUARENTENA!I:I,"") -> AG. AMOSTRA | P77: NÃO TEM MÉTODO VIGENTE | Q77: =IF(_xlfn.XLOOKUP(E77,QUARENTENA!D:D,QUARENTENA!M:M,"")="","",_xlfn.XLOOKUP(E77,QUARENTENA!D:D,QUARENTENA!M:M,"")) | R77: =_xlfn.XLOOKUP(C77,'PARTICULARIDADES AUXILIAR '!A:A,'PARTICULARIDADES AUXILIAR '!C:C,"") | S77: {=_xlfn.XLOOKUP(Tabela3[[#This Row],[LOTE]],VALUE(Painel_Bancada[Lote]),Painel_Bancada[Data Programada],"")} | T77: =_xlfn.XLOOKUP(Tabela3[[#This Row],[LOTE]],'PAINEL - GERAL'!F:F,'PAINEL - GERAL'!C:C,"")
B78: 5001 | C78: 410445 | D78: ACICLOVIR GEN NEO | E78: 152662026 | F78: 300 | G78: 46255 | H78: PCP | I78: =Tabela3[[#This Row],[CENTRO (Centro PARA)]]&Tabela3[[#This Row],[CODIGO (Código PARA)]]&Tabela3[[#This Row],[LOTE]]&Tabela3[[#This Row],[DESCRIÇÃO]]&Tabela3[[#This Row],[id]] -> 5001410445152662026ACICLOVIR GEN NEO | K78: 46245 | L78: 46238 | M78: =K78+8 -> 46253 | N78: =IF(WEEKDAY(K78,2)=4,K78+11,IF(WEEKDAY(K78,2)=5,K78+11,K78+10)) -> 46255 | O78: =_xlfn.XLOOKUP(Tabela3[[#This Row],[LOTE]],QUARENTENA!D:D,QUARENTENA!I:I,"") -> DU APROVADO | Q78: =IF(_xlfn.XLOOKUP(E78,QUARENTENA!D:D,QUARENTENA!M:M,"")="","",_xlfn.XLOOKUP(E78,QUARENTENA!D:D,QUARENTENA!M:M,"")) -> 46253 | R78: =_xlfn.XLOOKUP(C78,'PARTICULARIDADES AUXILIAR '!A:A,'PARTICULARIDADES AUXILIAR '!C:C,"") | S78: {=_xlfn.XLOOKUP(Tabela3[[#This Row],[LOTE]],VALUE(Painel_Bancada[Lote]),Painel_Bancada[Data Programada],"")} -> 46252 | T78: =_xlfn.XLOOKUP(Tabela3[[#This Row],[LOTE]],'PAINEL - GERAL'!F:F,'PAINEL - GERAL'!C:C,"")
B79: 5001 | C79: 410416 | D79: PROPIONATO DE CLOBETASOL NEO | E79: 165932026 | F79: 10 | G79: 46255 | H79: PCP | I79: =Tabela3[[#This Row],[CENTRO (Centro PARA)]]&Tabela3[[#This Row],[CODIGO (Código PARA)]]&Tabela3[[#This Row],[LOTE]]&Tabela3[[#This Row],[DESCRIÇÃO]]&Tabela3[[#This Row],[id]] -> 5001410416165932026PROPIONATO DE CLOBETASOL NEO | K79: 46245 | L79: 46238 | M79: =K79+8 -> 46253 | N79: =IF(WEEKDAY(K79,2)=4,K79+11,IF(WEEKDAY(K79,2)=5,K79+11,K79+10)) -> 46255 | O79: =_xlfn.XLOOKUP(Tabela3[[#This Row],[LOTE]],QUARENTENA!D:D,QUARENTENA!I:I,"") -> DU APROVADO | Q79: =IF(_xlfn.XLOOKUP(E79,QUARENTENA!D:D,QUARENTENA!M:M,"")="","",_xlfn.XLOOKUP(E79,QUARENTENA!D:D,QUARENTENA!M:M,"")) -> 46252 | R79: =_xlfn.XLOOKUP(C79,'PARTICULARIDADES AUXILIAR '!A:A,'PARTICULARIDADES AUXILIAR '!C:C,"") -> PF - repouso 24 horas | S79: {=_xlfn.XLOOKUP(Tabela3[[#This Row],[LOTE]],VALUE(Painel_Bancada[Lote]),Painel_Bancada[Data Programada],"")} -> 46249 | T79: =_xlfn.XLOOKUP(Tabela3[[#This Row],[LOTE]],'PAINEL - GERAL'!F:F,'PAINEL - GERAL'!C:C,"")
B80: 5001 | C80: 456984 | D80: VALVANCE TOUCH 210 | E80: 164062026 | F80: 399.96 | G80: 46255 | H80: PCP | I80: =Tabela3[[#This Row],[CENTRO (Centro PARA)]]&Tabela3[[#This Row],[CODIGO (Código PARA)]]&Tabela3[[#This Row],[LOTE]]&Tabela3[[#This Row],[DESCRIÇÃO]]&Tabela3[[#This Row],[id]] -> 5001456984164062026VALVANCE TOUCH 210 | K80: 46245 | L80: 46238 | M80: =K80+8 -> 46253 | N80: =IF(WEEKDAY(K80,2)=4,K80+11,IF(WEEKDAY(K80,2)=5,K80+11,K80+10)) -> 46255 | O80: =_xlfn.XLOOKUP(Tabela3[[#This Row],[LOTE]],QUARENTENA!D:D,QUARENTENA!I:I,"") -> DU APROVADO | Q80: =IF(_xlfn.XLOOKUP(E80,QUARENTENA!D:D,QUARENTENA!M:M,"")="","",_xlfn.XLOOKUP(E80,QUARENTENA!D:D,QUARENTENA!M:M,"")) -> 46241 | R80: =_xlfn.XLOOKUP(C80,'PARTICULARIDADES AUXILIAR '!A:A,'PARTICULARIDADES AUXILIAR '!C:C,"") -> Check doc | S80: {=_xlfn.XLOOKUP(Tabela3[[#This Row],[LOTE]],VALUE(Painel_Bancada[Lote]),Painel_Bancada[Data Programada],"")} | T80: =_xlfn.XLOOKUP(Tabela3[[#This Row],[LOTE]],'PAINEL - GERAL'!F:F,'PAINEL - GERAL'!C:C,"")
B81: 5001 | C81: 439881 | D81: E ZEINA MTC | E81: 163512026 | F81: 49898 | G81: 46255 | H81: PCP | I81: =Tabela3[[#This Row],[CENTRO (Centro PARA)]]&Tabela3[[#This Row],[CODIGO (Código PARA)]]&Tabela3[[#This Row],[LOTE]]&Tabela3[[#This Row],[DESCRIÇÃO]]&Tabela3[[#This Row],[id]] -> 5001439881163512026E ZEINA MTC | K81: 46245 | L81: 46238 | M81: =K81+8 -> 46253 | N81: =IF(WEEKDAY(K81,2)=4,K81+11,IF(WEEKDAY(K81,2)=5,K81+11,K81+10)) -> 46255 | O81: =_xlfn.XLOOKUP(Tabela3[[#This Row],[LOTE]],QUARENTENA!D:D,QUARENTENA!I:I,"") -> DU APROVADO | P81: INVESTIGAÇÃO | Q81: =IF(_xlfn.XLOOKUP(E81,QUARENTENA!D:D,QUARENTENA!M:M,"")="","",_xlfn.XLOOKUP(E81,QUARENTENA!D:D,QUARENTENA!M:M,"")) -> 46282 | R81: =_xlfn.XLOOKUP(C81,'PARTICULARIDADES AUXILIAR '!A:A,'PARTICULARIDADES AUXILIAR '!C:C,"") | S81: {=_xlfn.XLOOKUP(Tabela3[[#This Row],[LOTE]],VALUE(Painel_Bancada[Lote]),Painel_Bancada[Data Programada],"")} -> 46245 | T81: =_xlfn.XLOOKUP(Tabela3[[#This Row],[LOTE]],'PAINEL - GERAL'!F:F,'PAINEL - GERAL'!C:C,"")
B82: 5001 | C82: 464134 | D82: FOSFATO DE CALCIO DIBASICO DIIDRATADO PO | E82: 129462026 | F82: 50 | G82: 46255 | H82: PCP | I82: =Tabela3[[#This Row],[CENTRO (Centro PARA)]]&Tabela3[[#This Row],[CODIGO (Código PARA)]]&Tabela3[[#This Row],[LOTE]]&Tabela3[[#This Row],[DESCRIÇÃO]]&Tabela3[[#This Row],[id]] -> 5001464134129462026FOSFATO DE CALCIO DIBASICO DIIDRATADO PO | K82: 46245 | L82: 46238 | M82: =K82+8 -> 46253 | N82: =IF(WEEKDAY(K82,2)=4,K82+11,IF(WEEKDAY(K82,2)=5,K82+11,K82+10)) -> 46255 | O82: =_xlfn.XLOOKUP(Tabela3[[#This Row],[LOTE]],QUARENTENA!D:D,QUARENTENA!I:I,"") -> DU APROVADO | P82: CONSUMIVEL | Q82: =IF(_xlfn.XLOOKUP(E82,QUARENTENA!D:D,QUARENTENA!M:M,"")="","",_xlfn.XLOOKUP(E82,QUARENTENA!D:D,QUARENTENA!M:M,"")) -> 46261 | R82: =_xlfn.XLOOKUP(C82,'PARTICULARIDADES AUXILIAR '!A:A,'PARTICULARIDADES AUXILIAR '!C:C,"") | S82: {=_xlfn.XLOOKUP(Tabela3[[#This Row],[LOTE]],VALUE(Painel_Bancada[Lote]),Painel_Bancada[Data Programada],"")} -> 46247 | T82: =_xlfn.XLOOKUP(Tabela3[[#This Row],[LOTE]],'PAINEL - GERAL'!F:F,'PAINEL - GERAL'!C:C,"")
B83: 5001 | C83: 474298 | D83: PROPILENOGLICOL | E83: 149832026 | F83: 2365 | G83: 46255 | H83: PCP | I83: =Tabela3[[#This Row],[CENTRO (Centro PARA)]]&Tabela3[[#This Row],[CODIGO (Código PARA)]]&Tabela3[[#This Row],[LOTE]]&Tabela3[[#This Row],[DESCRIÇÃO]]&Tabela3[[#This Row],[id]] -> 5001474298149832026PROPILENOGLICOL | K83: 46245 | L83: 46238 | M83: =K83+8 -> 46253 | N83: =IF(WEEKDAY(K83,2)=4,K83+11,IF(WEEKDAY(K83,2)=5,K83+11,K83+10)) -> 46255 | O83: =_xlfn.XLOOKUP(Tabela3[[#This Row],[LOTE]],QUARENTENA!D:D,QUARENTENA!I:I,"") -> DU APROVADO | P83: MATERIAL EM TERCEIRO | Q83: =IF(_xlfn.XLOOKUP(E83,QUARENTENA!D:D,QUARENTENA!M:M,"")="","",_xlfn.XLOOKUP(E83,QUARENTENA!D:D,QUARENTENA!M:M,"")) -> 46265 | R83: =_xlfn.XLOOKUP(C83,'PARTICULARIDADES AUXILIAR '!A:A,'PARTICULARIDADES AUXILIAR '!C:C,"") | S83: {=_xlfn.XLOOKUP(Tabela3[[#This Row],[LOTE]],VALUE(Painel_Bancada[Lote]),Painel_Bancada[Data Programada],"")} -> 46263 | T83: =_xlfn.XLOOKUP(Tabela3[[#This Row],[LOTE]],'PAINEL - GERAL'!F:F,'PAINEL - GERAL'!C:C,"")
B84: 5001 | C84: 410452 | D84: NISTATINA GEN NEO | E84: 160952026 | F84: 182.25 | G84: 46255 | H84: PCP | I84: =Tabela3[[#This Row],[CENTRO (Centro PARA)]]&Tabela3[[#This Row],[CODIGO (Código PARA)]]&Tabela3[[#This Row],[LOTE]]&Tabela3[[#This Row],[DESCRIÇÃO]]&Tabela3[[#This Row],[id]] -> 5001410452160952026NISTATINA GEN NEO | K84: 46245 | L84: 46238 | M84: =K84+8 -> 46253 | N84: =IF(WEEKDAY(K84,2)=4,K84+11,IF(WEEKDAY(K84,2)=5,K84+11,K84+10)) -> 46255 | O84: DU APROVADO | P84: ATRASO DE ENTREGA DE AMOSTRA | Q84: =IF(_xlfn.XLOOKUP(E84,QUARENTENA!D:D,QUARENTENA!M:M,"")="","",_xlfn.XLOOKUP(E84,QUARENTENA!D:D,QUARENTENA!M:M,"")) -> 46252 | R84: =_xlfn.XLOOKUP(C84,'PARTICULARIDADES AUXILIAR '!A:A,'PARTICULARIDADES AUXILIAR '!C:C,"") | S84: {=_xlfn.XLOOKUP(Tabela3[[#This Row],[LOTE]],VALUE(Painel_Bancada[Lote]),Painel_Bancada[Data Programada],"")} -> 46251 | T84: =_xlfn.XLOOKUP(Tabela3[[#This Row],[LOTE]],'PAINEL - GERAL'!F:F,'PAINEL - GERAL'!C:C,"")
B85: 2017 | C85: 477272 | D85: OXIDO DE MAGNESIO DC 80% | E85: 13282026 | F85: 150 | G85: 46255 | H85: PCP | I85: =Tabela3[[#This Row],[CENTRO (Centro PARA)]]&Tabela3[[#This Row],[CODIGO (Código PARA)]]&Tabela3[[#This Row],[LOTE]]&Tabela3[[#This Row],[DESCRIÇÃO]]&Tabela3[[#This Row],[id]] -> 201747727213282026OXIDO DE MAGNESIO DC 80% | K85: 46245 | L85: 46238 | M85: =K85+8 -> 46253 | N85: =IF(WEEKDAY(K85,2)=4,K85+11,IF(WEEKDAY(K85,2)=5,K85+11,K85+10)) -> 46255 | O85: DU APROVADO | Q85: 46248 | R85: =_xlfn.XLOOKUP(C85,'PARTICULARIDADES AUXILIAR '!A:A,'PARTICULARIDADES AUXILIAR '!C:C,"") -> Check doc | S85: {=_xlfn.XLOOKUP(Tabela3[[#This Row],[LOTE]],VALUE(Painel_Bancada[Lote]),Painel_Bancada[Data Programada],"")} | T85: =_xlfn.XLOOKUP(Tabela3[[#This Row],[LOTE]],'PAINEL - GERAL'!F:F,'PAINEL - GERAL'!C:C,"")
A86: P | B86: 5001 | C86: 410485 | D86: MALEATO DE ENALAPRIL GEN NEO | E86: 156792026 | F86: 300 | G86: NA | H86: OPORTUNIDADE | I86: =Tabela3[[#This Row],[CENTRO (Centro PARA)]]&Tabela3[[#This Row],[CODIGO (Código PARA)]]&Tabela3[[#This Row],[LOTE]]&Tabela3[[#This Row],[DESCRIÇÃO]]&Tabela3[[#This Row],[id]] -> 5001410485156792026MALEATO DE ENALAPRIL GEN NEO | K86: 46245 | L86: 46238 | M86: =K86+8 -> 46253 | N86: =IF(WEEKDAY(K86,2)=4,K86+11,IF(WEEKDAY(K86,2)=5,K86+11,K86+10)) -> 46255 | O86: =_xlfn.XLOOKUP(Tabela3[[#This Row],[LOTE]],QUARENTENA!D:D,QUARENTENA!I:I,"") -> AG. PROGRAMAÇÃO | Q86: =IF(_xlfn.XLOOKUP(E86,QUARENTENA!D:D,QUARENTENA!M:M,"")="","",_xlfn.XLOOKUP(E86,QUARENTENA!D:D,QUARENTENA!M:M,"")) | R86: =_xlfn.XLOOKUP(C86,'PARTICULARIDADES AUXILIAR '!A:A,'PARTICULARIDADES AUXILIAR '!C:C,"") | S86: {=_xlfn.XLOOKUP(Tabela3[[#This Row],[LOTE]],VALUE(Painel_Bancada[Lote]),Painel_Bancada[Data Programada],"")} | T86: =_xlfn.XLOOKUP(Tabela3[[#This Row],[LOTE]],'PAINEL - GERAL'!F:F,'PAINEL - GERAL'!C:C,"")
B87: 2017 | C87: 485044 | D87: AROMA CHOCOLATE J4058W AL | E87: 13022026 | F87: 120 | G87: NA | H87: OPORTUNIDADE | I87: =Tabela3[[#This Row],[CENTRO (Centro PARA)]]&Tabela3[[#This Row],[CODIGO (Código PARA)]]&Tabela3[[#This Row],[LOTE]]&Tabela3[[#This Row],[DESCRIÇÃO]]&Tabela3[[#This Row],[id]] -> 201748504413022026AROMA CHOCOLATE J4058W AL | K87: 46245 | L87: 46238 | M87: =K87+8 -> 46253 | N87: =IF(WEEKDAY(K87,2)=4,K87+11,IF(WEEKDAY(K87,2)=5,K87+11,K87+10)) -> 46255 | O87: =_xlfn.XLOOKUP(Tabela3[[#This Row],[LOTE]],QUARENTENA!D:D,QUARENTENA!I:I,"") -> DU APROVADO | Q87: =IF(_xlfn.XLOOKUP(E87,QUARENTENA!D:D,QUARENTENA!M:M,"")="","",_xlfn.XLOOKUP(E87,QUARENTENA!D:D,QUARENTENA!M:M,"")) -> 46253 | R87: =_xlfn.XLOOKUP(C87,'PARTICULARIDADES AUXILIAR '!A:A,'PARTICULARIDADES AUXILIAR '!C:C,"") -> Check doc | S87: {=_xlfn.XLOOKUP(Tabela3[[#This Row],[LOTE]],VALUE(Painel_Bancada[Lote]),Painel_Bancada[Data Programada],"")} | T87: =_xlfn.XLOOKUP(Tabela3[[#This Row],[LOTE]],'PAINEL - GERAL'!F:F,'PAINEL - GERAL'!C:C,"")
B88: 5001 | C88: 410452 | D88: NISTATINA GEN NEO | E88: 160972026 | G88: NA | H88: OPORTUNIDADE | I88: =Tabela3[[#This Row],[CENTRO (Centro PARA)]]&Tabela3[[#This Row],[CODIGO (Código PARA)]]&Tabela3[[#This Row],[LOTE]]&Tabela3[[#This Row],[DESCRIÇÃO]]&Tabela3[[#This Row],[id]] -> 5001410452160972026NISTATINA GEN NEO | K88: 46245 | L88: 46238 | M88: =K88+8 -> 46253 | N88: =IF(WEEKDAY(K88,2)=4,K88+11,IF(WEEKDAY(K88,2)=5,K88+11,K88+10)) -> 46255 | O88: =_xlfn.XLOOKUP(Tabela3[[#This Row],[LOTE]],QUARENTENA!D:D,QUARENTENA!I:I,"") -> DU APROVADO | Q88: =IF(_xlfn.XLOOKUP(E88,QUARENTENA!D:D,QUARENTENA!M:M,"")="","",_xlfn.XLOOKUP(E88,QUARENTENA!D:D,QUARENTENA!M:M,"")) -> 46252 | R88: =_xlfn.XLOOKUP(C88,'PARTICULARIDADES AUXILIAR '!A:A,'PARTICULARIDADES AUXILIAR '!C:C,"") | S88: {=_xlfn.XLOOKUP(Tabela3[[#This Row],[LOTE]],VALUE(Painel_Bancada[Lote]),Painel_Bancada[Data Programada],"")} -> 46251 | T88: =_xlfn.XLOOKUP(Tabela3[[#This Row],[LOTE]],'PAINEL - GERAL'!F:F,'PAINEL - GERAL'!C:C,"")
B89: 5001 | C89: 410452 | D89: NISTATINA GEN NEO | E89: 161002026 | G89: NA | H89: OPORTUNIDADE | I89: =Tabela3[[#This Row],[CENTRO (Centro PARA)]]&Tabela3[[#This Row],[CODIGO (Código PARA)]]&Tabela3[[#This Row],[LOTE]]&Tabela3[[#This Row],[DESCRIÇÃO]]&Tabela3[[#This Row],[id]] -> 5001410452161002026NISTATINA GEN NEO | K89: 46245 | L89: 46238 | M89: =K89+8 -> 46253 | N89: =IF(WEEKDAY(K89,2)=4,K89+11,IF(WEEKDAY(K89,2)=5,K89+11,K89+10)) -> 46255 | O89: =_xlfn.XLOOKUP(Tabela3[[#This Row],[LOTE]],QUARENTENA!D:D,QUARENTENA!I:I,"") -> DU APROVADO | Q89: =IF(_xlfn.XLOOKUP(E89,QUARENTENA!D:D,QUARENTENA!M:M,"")="","",_xlfn.XLOOKUP(E89,QUARENTENA!D:D,QUARENTENA!M:M,"")) -> 46252 | R89: =_xlfn.XLOOKUP(C89,'PARTICULARIDADES AUXILIAR '!A:A,'PARTICULARIDADES AUXILIAR '!C:C,"") | S89: {=_xlfn.XLOOKUP(Tabela3[[#This Row],[LOTE]],VALUE(Painel_Bancada[Lote]),Painel_Bancada[Data Programada],"")} -> 46251 | T89: =_xlfn.XLOOKUP(Tabela3[[#This Row],[LOTE]],'PAINEL - GERAL'!F:F,'PAINEL - GERAL'!C:C,"")
B90: 5001 | C90: 410452 | D90: NISTATINA GEN NEO | E90: 161012026 | G90: NA | H90: OPORTUNIDADE | I90: =Tabela3[[#This Row],[CENTRO (Centro PARA)]]&Tabela3[[#This Row],[CODIGO (Código PARA)]]&Tabela3[[#This Row],[LOTE]]&Tabela3[[#This Row],[DESCRIÇÃO]]&Tabela3[[#This Row],[id]] -> 5001410452161012026NISTATINA GEN NEO | K90: 46245 | L90: 46238 | M90: =K90+8 -> 46253 | N90: =IF(WEEKDAY(K90,2)=4,K90+11,IF(WEEKDAY(K90,2)=5,K90+11,K90+10)) -> 46255 | O90: =_xlfn.XLOOKUP(Tabela3[[#This Row],[LOTE]],QUARENTENA!D:D,QUARENTENA!I:I,"") -> DU APROVADO | Q90: =IF(_xlfn.XLOOKUP(E90,QUARENTENA!D:D,QUARENTENA!M:M,"")="","",_xlfn.XLOOKUP(E90,QUARENTENA!D:D,QUARENTENA!M:M,"")) -> 46251 | R90: =_xlfn.XLOOKUP(C90,'PARTICULARIDADES AUXILIAR '!A:A,'PARTICULARIDADES AUXILIAR '!C:C,"") | S90: {=_xlfn.XLOOKUP(Tabela3[[#This Row],[LOTE]],VALUE(Painel_Bancada[Lote]),Painel_Bancada[Data Programada],"")} -> 46251 | T90: =_xlfn.XLOOKUP(Tabela3[[#This Row],[LOTE]],'PAINEL - GERAL'!F:F,'PAINEL - GERAL'!C:C,"")
B91: 5001 | C91: 410452 | D91: NISTATINA GEN NEO | E91: 161022026 | G91: NA | H91: OPORTUNIDADE | I91: =Tabela3[[#This Row],[CENTRO (Centro PARA)]]&Tabela3[[#This Row],[CODIGO (Código PARA)]]&Tabela3[[#This Row],[LOTE]]&Tabela3[[#This Row],[DESCRIÇÃO]]&Tabela3[[#This Row],[id]] -> 5001410452161022026NISTATINA GEN NEO | K91: 46245 | L91: 46238 | M91: =K91+8 -> 46253 | N91: =IF(WEEKDAY(K91,2)=4,K91+11,IF(WEEKDAY(K91,2)=5,K91+11,K91+10)) -> 46255 | O91: =_xlfn.XLOOKUP(Tabela3[[#This Row],[LOTE]],QUARENTENA!D:D,QUARENTENA!I:I,"") -> DU APROVADO | Q91: =IF(_xlfn.XLOOKUP(E91,QUARENTENA!D:D,QUARENTENA!M:M,"")="","",_xlfn.XLOOKUP(E91,QUARENTENA!D:D,QUARENTENA!M:M,"")) -> 46251 | R91: =_xlfn.XLOOKUP(C91,'PARTICULARIDADES AUXILIAR '!A:A,'PARTICULARIDADES AUXILIAR '!C:C,"") | S91: {=_xlfn.XLOOKUP(Tabela3[[#This Row],[LOTE]],VALUE(Painel_Bancada[Lote]),Painel_Bancada[Data Programada],"")} -> 46251 | T91: =_xlfn.XLOOKUP(Tabela3[[#This Row],[LOTE]],'PAINEL - GERAL'!F:F,'PAINEL - GERAL'!C:C,"")
B92: 5001 | C92: 438137 | D92: E ZINCO PCA (ZINCIDONE) MTCD | E92: 161192026 | G92: NA | H92: OPORTUNIDADE | I92: =Tabela3[[#This Row],[CENTRO (Centro PARA)]]&Tabela3[[#This Row],[CODIGO (Código PARA)]]&Tabela3[[#This Row],[LOTE]]&Tabela3[[#This Row],[DESCRIÇÃO]]&Tabela3[[#This Row],[id]] -> 5001438137161192026E ZINCO PCA (ZINCIDONE) MTCD | K92: 46245 | L92: 46238 | M92: =K92+8 -> 46253 | N92: =IF(WEEKDAY(K92,2)=4,K92+11,IF(WEEKDAY(K92,2)=5,K92+11,K92+10)) -> 46255 | O92: =_xlfn.XLOOKUP(Tabela3[[#This Row],[LOTE]],QUARENTENA!D:D,QUARENTENA!I:I,"") -> DU APROVADO | Q92: =IF(_xlfn.XLOOKUP(E92,QUARENTENA!D:D,QUARENTENA!M:M,"")="","",_xlfn.XLOOKUP(E92,QUARENTENA!D:D,QUARENTENA!M:M,"")) -> 46245 | R92: =_xlfn.XLOOKUP(C92,'PARTICULARIDADES AUXILIAR '!A:A,'PARTICULARIDADES AUXILIAR '!C:C,"") -> Check doc | S92: {=_xlfn.XLOOKUP(Tabela3[[#This Row],[LOTE]],VALUE(Painel_Bancada[Lote]),Painel_Bancada[Data Programada],"")} | T92: =_xlfn.XLOOKUP(Tabela3[[#This Row],[LOTE]],'PAINEL - GERAL'!F:F,'PAINEL - GERAL'!C:C,"")
B93: 5001 | C93: 456970 | D93: BIOECOLIA | E93: 161222026 | G93: NA | H93: OPORTUNIDADE | I93: =Tabela3[[#This Row],[CENTRO (Centro PARA)]]&Tabela3[[#This Row],[CODIGO (Código PARA)]]&Tabela3[[#This Row],[LOTE]]&Tabela3[[#This Row],[DESCRIÇÃO]]&Tabela3[[#This Row],[id]] -> 5001456970161222026BIOECOLIA | K93: 46245 | L93: 46238 | M93: =K93+8 -> 46253 | N93: =IF(WEEKDAY(K93,2)=4,K93+11,IF(WEEKDAY(K93,2)=5,K93+11,K93+10)) -> 46255 | O93: =_xlfn.XLOOKUP(Tabela3[[#This Row],[LOTE]],QUARENTENA!D:D,QUARENTENA!I:I,"") -> DU APROVADO | Q93: =IF(_xlfn.XLOOKUP(E93,QUARENTENA!D:D,QUARENTENA!M:M,"")="","",_xlfn.XLOOKUP(E93,QUARENTENA!D:D,QUARENTENA!M:M,"")) -> 46245 | R93: =_xlfn.XLOOKUP(C93,'PARTICULARIDADES AUXILIAR '!A:A,'PARTICULARIDADES AUXILIAR '!C:C,"") -> Check doc | S93: {=_xlfn.XLOOKUP(Tabela3[[#This Row],[LOTE]],VALUE(Painel_Bancada[Lote]),Painel_Bancada[Data Programada],"")} | T93: =_xlfn.XLOOKUP(Tabela3[[#This Row],[LOTE]],'PAINEL - GERAL'!F:F,'PAINEL - GERAL'!C:C,"")
B94: 5001 | C94: 410034 | D94: CELULOSE MICROCRISTALINA MC102 NEO | E94: 151682026 | F94: 2625 | G94: 46258 | H94: PCP | I94: =Tabela3[[#This Row],[CENTRO (Centro PARA)]]&Tabela3[[#This Row],[CODIGO (Código PARA)]]&Tabela3[[#This Row],[LOTE]]&Tabela3[[#This Row],[DESCRIÇÃO]]&Tabela3[[#This Row],[id]] -> 5001410034151682026CELULOSE MICROCRISTALINA MC102 NEO | K94: 46246 | L94: 46239 | M94: =K94+8 -> 46254 | N94: =IF(WEEKDAY(K94,2)=4,K94+11,IF(WEEKDAY(K94,2)=5,K94+11,K94+10)) -> 46256 | O94: =_xlfn.XLOOKUP(Tabela3[[#This Row],[LOTE]],QUARENTENA!D:D,QUARENTENA!I:I,"") -> DU APROVADO | Q94: =IF(_xlfn.XLOOKUP(E94,QUARENTENA!D:D,QUARENTENA!M:M,"")="","",_xlfn.XLOOKUP(E94,QUARENTENA!D:D,QUARENTENA!M:M,"")) -> 46241 | R94: =_xlfn.XLOOKUP(C94,'PARTICULARIDADES AUXILIAR '!A:A,'PARTICULARIDADES AUXILIAR '!C:C,"") | S94: {=_xlfn.XLOOKUP(Tabela3[[#This Row],[LOTE]],VALUE(Painel_Bancada[Lote]),Painel_Bancada[Data Programada],"")} -> 46240 | T94: =_xlfn.XLOOKUP(Tabela3[[#This Row],[LOTE]],'PAINEL - GERAL'!F:F,'PAINEL - GERAL'!C:C,"")
B95: 5001 | C95: 410072 | D95: BASE POLIETILENO PETROLATO NEO | E95: 101192026 | F95: 4640 | G95: 46258 | H95: PCP | I95: =Tabela3[[#This Row],[CENTRO (Centro PARA)]]&Tabela3[[#This Row],[CODIGO (Código PARA)]]&Tabela3[[#This Row],[LOTE]]&Tabela3[[#This Row],[DESCRIÇÃO]]&Tabela3[[#This Row],[id]] -> 5001410072101192026BASE POLIETILENO PETROLATO NEO | K95: 46246 | L95: 46239 | M95: =K95+8 -> 46254 | N95: =IF(WEEKDAY(K95,2)=4,K95+11,IF(WEEKDAY(K95,2)=5,K95+11,K95+10)) -> 46256 | O95: =_xlfn.XLOOKUP(Tabela3[[#This Row],[LOTE]],QUARENTENA!D:D,QUARENTENA!I:I,"") -> DU APROVADO | Q95: =IF(_xlfn.XLOOKUP(E95,QUARENTENA!D:D,QUARENTENA!M:M,"")="","",_xlfn.XLOOKUP(E95,QUARENTENA!D:D,QUARENTENA!M:M,"")) -> 46255 | R95: =_xlfn.XLOOKUP(C95,'PARTICULARIDADES AUXILIAR '!A:A,'PARTICULARIDADES AUXILIAR '!C:C,"") | S95: {=_xlfn.XLOOKUP(Tabela3[[#This Row],[LOTE]],VALUE(Painel_Bancada[Lote]),Painel_Bancada[Data Programada],"")} -> 46248 | T95: =_xlfn.XLOOKUP(Tabela3[[#This Row],[LOTE]],'PAINEL - GERAL'!F:F,'PAINEL - GERAL'!C:C,"")
B96: 2017 | C96: 212239 | D96: SORBATO POTASSIO | E96: 13322026 | F96: 275 | G96: 46258 | H96: PCP | I96: =Tabela3[[#This Row],[CENTRO (Centro PARA)]]&Tabela3[[#This Row],[CODIGO (Código PARA)]]&Tabela3[[#This Row],[LOTE]]&Tabela3[[#This Row],[DESCRIÇÃO]]&Tabela3[[#This Row],[id]] -> 201721223913322026SORBATO POTASSIO | K96: 46246 | L96: 46239 | M96: =K96+8 -> 46254 | N96: =IF(WEEKDAY(K96,2)=4,K96+11,IF(WEEKDAY(K96,2)=5,K96+11,K96+10)) -> 46256 | O96: DU APROVADO | Q96: 46246 | R96: =_xlfn.XLOOKUP(C96,'PARTICULARIDADES AUXILIAR '!A:A,'PARTICULARIDADES AUXILIAR '!C:C,"") -> Check doc | S96: {=_xlfn.XLOOKUP(Tabela3[[#This Row],[LOTE]],VALUE(Painel_Bancada[Lote]),Painel_Bancada[Data Programada],"")} | T96: =_xlfn.XLOOKUP(Tabela3[[#This Row],[LOTE]],'PAINEL - GERAL'!F:F,'PAINEL - GERAL'!C:C,"")
B97: 5001 | C97: 423619 | D97: CARBONATO DE CALCIO BARRALIN LPR | E97: 157882026 | F97: 1800 | G97: 46258 | H97: PCP | I97: =Tabela3[[#This Row],[CENTRO (Centro PARA)]]&Tabela3[[#This Row],[CODIGO (Código PARA)]]&Tabela3[[#This Row],[LOTE]]&Tabela3[[#This Row],[DESCRIÇÃO]]&Tabela3[[#This Row],[id]] -> 5001423619157882026CARBONATO DE CALCIO BARRALIN LPR | K97: 46246 | L97: 46239 | M97: =K97+8 -> 46254 | N97: =IF(WEEKDAY(K97,2)=4,K97+11,IF(WEEKDAY(K97,2)=5,K97+11,K97+10)) -> 46256 | O97: =_xlfn.XLOOKUP(Tabela3[[#This Row],[LOTE]],QUARENTENA!D:D,QUARENTENA!I:I,"") -> DU APROVADO | Q97: =IF(_xlfn.XLOOKUP(E97,QUARENTENA!D:D,QUARENTENA!M:M,"")="","",_xlfn.XLOOKUP(E97,QUARENTENA!D:D,QUARENTENA!M:M,"")) -> 46258 | R97: =_xlfn.XLOOKUP(C97,'PARTICULARIDADES AUXILIAR '!A:A,'PARTICULARIDADES AUXILIAR '!C:C,"") | S97: {=_xlfn.XLOOKUP(Tabela3[[#This Row],[LOTE]],VALUE(Painel_Bancada[Lote]),Painel_Bancada[Data Programada],"")} -> 46254 | T97: =_xlfn.XLOOKUP(Tabela3[[#This Row],[LOTE]],'PAINEL - GERAL'!F:F,'PAINEL - GERAL'!C:C,"")
B98: 5001 | C98: 422338 | D98: ACIDO ACETIL SALICILICO | E98: 134332026 | F98: 250 | G98: 46258 | H98: PCP | I98: =Tabela3[[#This Row],[CENTRO (Centro PARA)]]&Tabela3[[#This Row],[CODIGO (Código PARA)]]&Tabela3[[#This Row],[LOTE]]&Tabela3[[#This Row],[DESCRIÇÃO]]&Tabela3[[#This Row],[id]] -> 5001422338134332026ACIDO ACETIL SALICILICO | K98: 46246 | L98: 46239 | M98: =K98+8 -> 46254 | N98: =IF(WEEKDAY(K98,2)=4,K98+11,IF(WEEKDAY(K98,2)=5,K98+11,K98+10)) -> 46256 | O98: =_xlfn.XLOOKUP(Tabela3[[#This Row],[LOTE]],QUARENTENA!D:D,QUARENTENA!I:I,"") -> DU APROVADO | Q98: =IF(_xlfn.XLOOKUP(E98,QUARENTENA!D:D,QUARENTENA!M:M,"")="","",_xlfn.XLOOKUP(E98,QUARENTENA!D:D,QUARENTENA!M:M,"")) -> 46253 | R98: =_xlfn.XLOOKUP(C98,'PARTICULARIDADES AUXILIAR '!A:A,'PARTICULARIDADES AUXILIAR '!C:C,"") -> PF - repouso 24 horas | S98: {=_xlfn.XLOOKUP(Tabela3[[#This Row],[LOTE]],VALUE(Painel_Bancada[Lote]),Painel_Bancada[Data Programada],"")} -> 46252 | T98: =_xlfn.XLOOKUP(Tabela3[[#This Row],[LOTE]],'PAINEL - GERAL'!F:F,'PAINEL - GERAL'!C:C,"")
B99: 5001 | C99: 472277 | D99: EMPAGLIFLOZINA 2 | E99: 102702026 | F99: 20 | G99: 46258 | H99: PCP | I99: =Tabela3[[#This Row],[CENTRO (Centro PARA)]]&Tabela3[[#This Row],[CODIGO (Código PARA)]]&Tabela3[[#This Row],[LOTE]]&Tabela3[[#This Row],[DESCRIÇÃO]]&Tabela3[[#This Row],[id]] -> 5001472277102702026EMPAGLIFLOZINA 2 | K99: 46246 | L99: 46239 | M99: =K99+8 -> 46254 | N99: =IF(WEEKDAY(K99,2)=4,K99+11,IF(WEEKDAY(K99,2)=5,K99+11,K99+10)) -> 46256 | O99: =_xlfn.XLOOKUP(Tabela3[[#This Row],[LOTE]],QUARENTENA!D:D,QUARENTENA!I:I,"") -> AG. AMOSTRA | P99: NÃO TEM MÉTODO VIGENTE | Q99: =IF(_xlfn.XLOOKUP(E99,QUARENTENA!D:D,QUARENTENA!M:M,"")="","",_xlfn.XLOOKUP(E99,QUARENTENA!D:D,QUARENTENA!M:M,"")) | R99: =_xlfn.XLOOKUP(C99,'PARTICULARIDADES AUXILIAR '!A:A,'PARTICULARIDADES AUXILIAR '!C:C,"") | S99: {=_xlfn.XLOOKUP(Tabela3[[#This Row],[LOTE]],VALUE(Painel_Bancada[Lote]),Painel_Bancada[Data Programada],"")} | T99: =_xlfn.XLOOKUP(Tabela3[[#This Row],[LOTE]],'PAINEL - GERAL'!F:F,'PAINEL - GERAL'!C:C,"")
B100: 2017 | C100: 480075 | D100: MALTODEXTRINA | E100: 7792026 | F100: 7500 | G100: 46258 | H100: PCP | I100: =Tabela3[[#This Row],[CENTRO (Centro PARA)]]&Tabela3[[#This Row],[CODIGO (Código PARA)]]&Tabela3[[#This Row],[LOTE]]&Tabela3[[#This Row],[DESCRIÇÃO]]&Tabela3[[#This Row],[id]] -> 20174800757792026MALTODEXTRINA | K100: 46246 | L100: 46239 | M100: =K100+8 -> 46254 | N100: =IF(WEEKDAY(K100,2)=4,K100+11,IF(WEEKDAY(K100,2)=5,K100+11,K100+10)) -> 46256 | O100: =_xlfn.XLOOKUP(Tabela3[[#This Row],[LOTE]],QUARENTENA!D:D,QUARENTENA!I:I,"") -> DU APROVADO | Q100: =IF(_xlfn.XLOOKUP(E100,QUARENTENA!D:D,QUARENTENA!M:M,"")="","",_xlfn.XLOOKUP(E100,QUARENTENA!D:D,QUARENTENA!M:M,"")) -> 46252 | R100: =_xlfn.XLOOKUP(C100,'PARTICULARIDADES AUXILIAR '!A:A,'PARTICULARIDADES AUXILIAR '!C:C,"") -> Check doc | S100: {=_xlfn.XLOOKUP(Tabela3[[#This Row],[LOTE]],VALUE(Painel_Bancada[Lote]),Painel_Bancada[Data Programada],"")} | T100: =_xlfn.XLOOKUP(Tabela3[[#This Row],[LOTE]],'PAINEL - GERAL'!F:F,'PAINEL - GERAL'!C:C,"")
...

Sheet ROTAS E FAMILIAS
A1: *Atualizar a tabela clicando com o botão direito do mouse → Atualizar, para carregar os lotes com comando "P" e consolidar as informações pelo código do material.
A2: VISÃO POR LOTE — FAMÍLIAS QUE CADA LOTE PERCORRE
A4: CODIGO (Código PARA) | B4: DESCRIÇÃO | C4: CONCATENADO | D4: D+8 (-2 dias) | E4: D+8 (-3 dias) | F4: FAM FAST EQUIPAMENTO - UV - Vis | G4: FAM FAST EQUIPAMENTO - IR/NIR | H4: FAM FAST EQUIPAMENTO - DSC/RAIOX/TGA/DRX | I4: FAM FAST - ICP / AA | J4: FAM FAST - BANCADA | K4: FAM EXCIP | L4: FAM IFA | M4: Teste CG | N4: Teste HPLC | O4: Check doc | P4: Qtd Fam.
A5: 210201 | B5: CANFORA | C5: 210201 - CANFORA | Lotes: 182272026 | D+8: 17/09/2026 | Particularidades: PF - repouso 24 horas/ Inflamável | D5: 46280 | E5: 46279 | G5: 1 | L5: 10 | M5: 3 | P5: 3
A6: 210407 | B6: ESSENCIA MOSTARDA | C6: 210407 - ESSENCIA MOSTARDA | Lotes: 211452026 | D+8: 14/10/2026 | Particularidades: Inflamável | D6: 46307 | E6: 46305 | G6: 1 | J6: 6 | P6: 2
A7: 409996 | B7: DIOXIDO DE TITANIO | C7: 409996 - DIOXIDO DE TITANIO | Lotes: 191152026 | D+8: 06/10/2026 | Particularidades: Repouso 12 horas | D7: 46298 | E7: 46298 | K7: 9 | P7: 1
A8: 210794 | B8: TRIACETINA | C8: 210794 - TRIACETINA | Lotes: 164762025 | D+8: 10/10/2026 | Particularidades: Inflamável | D8: 46303 | E8: 46302 | G8: 1 | J8: 9 | P8: 2
A9: 409968 | B9: GLICERINA BI DESTILADA NEO | C9: 409968 - GLICERINA BI DESTILADA NEO | Lotes: 112472026 | D+8: 07/10/2026 | Particularidades: Polícia Civil | D9: 46300 | E9: 46298 | G9: 1 | K9: 12 | M9: 3 | P9: 3
A10: 410015 | B10: CROSCARMELOSE SODICA | C10: 410015 - CROSCARMELOSE SODICA | Lotes: 206422026 | D+8: 07/10/2026 | Particularidades: Glicolato - repouso 24 horas | D10: 46300 | E10: 46298 | F10: 1 | G10: 1 | J10: 14 | M10: 1 | P10: 4
A11: 212228 | B11: POLISORBATO 80 | C11: 212228 - POLISORBATO 80 | Lotes: 17702026 | D+8: 14/10/2026 | Particularidades: Check doc | D11: 46307 | E11: 46305 | O11: 1 | P11: 1
A12: 210962 | B12: CITRATO TRIETILA | C12: 210962 - CITRATO TRIETILA | Lotes: 205942026 | D+8: 14/10/2026 | D12: 46307 | E12: 46305 | G12: 1 | K12: 11 | M12: 1 | P12: 3
A13: 408474 | B13: ULTRATIX P-100 | C13: 408474 - ULTRATIX P-100 | Lotes: 215282026 | D+8: 14/10/2026 | Particularidades: Check doc | D13: 46307 | E13: 46305 | O13: 1 | P13: 1
A14: 409926 | B14: VASELINA BRANCA LIQUIDA NEO | C14: 409926 - VASELINA BRANCA LIQUIDA NEO | Lotes: 214722026 / 214712026 | D+8: 14/10/2026 | D14: 46307 | E14: 46305 | G14: 1 | J14: 7 | P14: 2
A15: 410032 | B15: ESSENCIA BANANA HIDROSS REF 906254 NEO | C15: 410032 - ESSENCIA BANANA HIDROSS REF 906254 NEO | Lotes: 203742026 | D+8: 09/10/2026 | Particularidades: Inflamável | D15: 46302 | E15: 46301 | G15: 1 | J15: 4 | P15: 2
A16: 410033 | B16: CELULOSE MICROCRISTALINA MC101 NEO | C16: 410033 - CELULOSE MICROCRISTALINA MC101 NEO | Lotes: 144152026 | D+8: 10/10/2026 | D16: 46303 | E16: 46302 | G16: 1 | J16: 13 | P16: 2
A17: 410034 | B17: CELULOSE MICROCRISTALINA MC102 NEO | C17: 410034 - CELULOSE MICROCRISTALINA MC102 NEO | Lotes: 154892026 / 154922026 / 178642026 / 154902026 / 178282026 / 178652026 / 154912026 | D+8: 13/10/2026 | D17: 46305 | E17: 46305 | G17: 1 | J17: 13 | P17: 2
A18: 410037 | B18: PROPILPARABENO | C18: 410037 - PROPILPARABENO | Lotes: 121482026 | D+8: 14/10/2026 | Particularidades: PF - 16 horas repouso | D18: 46307 | E18: 46305 | G18: 1 | J18: 5 | M18: 1 | N18: 2 | P18: 4
A19: 410038 | B19: HPMC/POLIETILENOGLICOL | C19: 410038 - HPMC/POLIETILENOGLICOL | Lotes: 48642026 / 48652026 / 48662026 / 200452026 | D+8: 22/09/2026 | D19: 46284 | E19: 46284 | G19: 2 | J19: 9 | P19: 2
A20: 410041 | B20: PVP K30 POLIVINILPIRROLIDONA NEO | C20: 410041 - PVP K30 POLIVINILPIRROLIDONA NEO | Lotes: 203852026 / 169402026 / 199912026 | D+8: 06/10/2026 | D20: 46298 | E20: 46298 | F20: 2 | G20: 1 | K20: 12 | N20: 3 | P20: 4
A21: 410043 | B21: PARAFINA BRANCA NEO | C21: 410043 - PARAFINA BRANCA NEO | Lotes: 204292026 | D+8: 10/10/2026 | D21: 46303 | E21: 46302 | F21: 1 | G21: 1 | J21: 8 | P21: 3
A22: 410050 | B22: FOSFATO DE CALCIO DIBAS EMCOMPRESS NEO | C22: 410050 - FOSFATO DE CALCIO DIBAS EMCOMPRESS NEO | Lotes: 200352026 | D+8: 14/10/2026 | D22: 46307 | E22: 46305 | K22: 17 | P22: 1
A23: 410057 | B23: POLISSORBATO 80 NEO | C23: 410057 - POLISSORBATO 80 NEO | Lotes: 209562026 / 209552026 | D+8: 09/10/2026 | Particularidades: Solução repouso por 10 dias | D23: 46302 | E23: 46301 | K23: 17 | P23: 1
A24: 410070 | B24: GOMA XANTANA NEO | C24: 410070 - GOMA XANTANA NEO | Lotes: 141212026 | D+8: 09/10/2026 | D24: 46302 | E24: 46301 | K24: 9 | M24: 1 | P24: 2
A25: 410072 | B25: BASE POLIETILENO PETROLATO NEO | C25: 410072 - BASE POLIETILENO PETROLATO NEO | Lotes: 24332024 / 73922026 / 202592026 / 208552026 / 208632026 / 206342026 / 207052026 / 207062026 | D+8: 29/08/2026 | D25: 46261 | E25: 46260 | G25: 1 | J25: 7 | P25: 2
A26: 410108 | B26: AROMA MENTA LIMAO N 9068 13 GIVAUDAN NEO | C26: 410108 - AROMA MENTA LIMAO N 9068 13 GIVAUDAN NEO | Lotes: 194942026 | D+8: 14/10/2026 | D26: 46307 | E26: 46305 | G26: 1 | J26: 3 | P26: 2
A27: 410120 | B27: EUDRAGIT L30 D55 NEO | C27: 410120 - EUDRAGIT L30 D55 NEO | Lotes: 176862026 | D+8: 13/10/2026 | D27: 46305 | E27: 46305 | G27: 1 | J27: 9 | N27: 1 | P27: 3
A28: 410128 | B28: FOSFATO DE SODIO DIBASICO ANIDRO NEO | C28: 410128 - FOSFATO DE SODIO DIBASICO ANIDRO NEO | Lotes: 193342026 | D+8: 13/10/2026 | D28: 46305 | E28: 46305 | K28: 11 | P28: 1
A29: 410136 | B29: HIDROXIPROPILMETILCELULOSE 15CPS MET NEO | C29: 410136 - HIDROXIPROPILMETILCELULOSE 15CPS MET NEO | Lotes: 204122026 | D+8: 09/10/2026 | D29: 46302 | E29: 46301 | K29: 11 | M29: 1 | P29: 2
A30: 410235 | B30: OXIDO DE ZINCO GEN NEO | C30: 410235 - OXIDO DE ZINCO GEN NEO | Lotes: 204462026 | D+8: 09/10/2026 | D30: 46302 | E30: 46301 | F30: 1 | I30: 1 | L30: 10 | P30: 3
A31: 410308 | B31: GLIBENCLAMIDA NEO | C31: 410308 - GLIBENCLAMIDA NEO | Lotes: 188132026 / 188122026 | D+8: 09/10/2026 | D31: 46302 | E31: 46301 | G31: 1 | H31: 1 | L31: 8 | M31: 1 | P31: 4
A32: 410422 | B32: SACHAROMYCES BOULARDII NEO | C32: 410422 - SACHAROMYCES BOULARDII NEO | Lotes: 2172026 | D+8: 23/09/2026 | Particularidades: Refrig.: (A1) 2 ° a 8° C | D32: 46286 | E32: 46284 | L32: 11 | P32: 1
A33: 410433 | B33: CLORIDRATO DE TRAMADOL A2 NEO | C33: 410433 - CLORIDRATO DE TRAMADOL A2 NEO | Lotes: 211302026 | D+8: 10/10/2026 | Particularidades: Portaria 344 | D33: 46303 | E33: 46302 | F33: 1 | G33: 1 | L33: 12 | M33: 1 | N33: 1 | P33: 5
A34: 410452 | B34: NISTATINA GEN NEO | C34: 410452 - NISTATINA GEN NEO | Lotes: 208932026 / 208942026 / 208952026 / 208972026 / 208982026 / 208992026 / 208962026 | D+8: 07/10/2026 | D34: 46300 | E34: 46298 | F34: 1 | L34: 7 | M34: 1 | N34: 1 | P34: 4
A35: 410457 | B35: AMOXICILINA TRIHIDRATADA GEN NEO | C35: 410457 - AMOXICILINA TRIHIDRATADA GEN NEO | Lotes: 208822026 | D+8: 08/10/2026 | D35: 46301 | E35: 46300 | G35: 1 | L35: 5 | M35: 2 | N35: 4 | P35: 4
A36: 410485 | B36: MALEATO DE ENALAPRIL GEN NEO | C36: 410485 - MALEATO DE ENALAPRIL GEN NEO | Lotes: 156792026 | D+8: 19/08/2026 | D36: 46251 | E36: 46249 | G36: 1 | L36: 10 | M36: 1 | N36: 2 | P36: 4
A37: 410507 | B37: IBUPROFENO DC85 NEO | C37: 410507 - IBUPROFENO DC85 NEO | Lotes: 41432025 / 41422025 / 41412025 / 41382025 / 41402025 | D+8: 07/10/2026 | D37: 46300 | E37: 46298 | G37: 1 | L37: 5 | N37: 2 | P37: 4
A38: 410547 | B38: PARACETAMOL DC90 CPF NEO | C38: 410547 - PARACETAMOL DC90 CPF NEO | Lotes: 119902026 / 119892026 | D+8: 03/10/2026 | Particularidades: Polícia Federal | D38: 46296 | E38: 46295 | F38: 2 | G38: 1 | H38: 1 | L38: 8 | N38: 2 | P38: 5
A39: 414046 | B39: DL ACETILMETIONINA | C39: 414046 - DL ACETILMETIONINA | Lotes: 197132026 | D+8: 06/10/2026 | Particularidades: Amônio - EM TERCEIRO | D39: 46298 | E39: 46298 | F39: 1 | G39: 1 | L39: 8 | N39: 1 | P39: 4
A40: 417654 | B40: EXTR SECO PASSIFLORA INCARNATA 4-6% FLAV | C40: 417654 - EXTR SECO PASSIFLORA INCARNATA 4-6% FLAV | Lotes: 176582026 | D+8: 25/09/2026 | Particularidades: Pesticidas/ Aflatoxinas - EM TERCEIRO | D40: 46288 | E40: 46287 | F40: 2 | I40: 2 | L40: 7 | M40: 2 | P40: 4
A41: 422234 | B41: AROMA ARTIFICIAL DE AMEIXA | C41: 422234 - AROMA ARTIFICIAL DE AMEIXA | Lotes: 211022026 | D+8: 14/10/2026 | Particularidades: Inflamável | D41: 46307 | E41: 46305 | G41: 1 | J41: 3 | P41: 2
A42: 422319 | B42: POLPA DE AMEIXA | C42: 422319 - POLPA DE AMEIXA | Lotes: 186522026 | D+8: 14/10/2026 | D42: 46307 | E42: 46305 | G42: 1 | J42: 6 | P42: 2
A43: 422338 | B43: ACIDO ACETIL SALICILICO | C43: 422338 - ACIDO ACETIL SALICILICO | Lotes: 206372026 | D+8: 13/10/2026 | Particularidades: PF - repouso 24 horas | D43: 46305 | E43: 46305 | G43: 1 | H43: 1 | L43: 8 | M43: 1 | N43: 1 | P43: 5
A44: 422347 | B44: BETACICLODEXTRINA NIMESULIDA F | C44: 422347 - BETACICLODEXTRINA NIMESULIDA F | Lotes: 251002024 | D+8: 01/10/2026 | D44: 46294 | E44: 46293 | F44: 1 | L44: 5 | N44: 3 | P44: 3
A45: 422364 | B45: CITRATO COLINA | C45: 422364 - CITRATO COLINA | Lotes: 91762026 / 91772026 / 91792026 / 91802026 / 91812026 / 91822026 / 91852026 / 91862026 / 93972026 / 94022026 / 94052026 / 94082026 / 94092026 / 94102026 / 94112026 | D+8: 06/10/2026 | Particularidades: PF - repouso 24 horas | D45: 46298 | E45: 46298 | L45: 11 | M45: 1 | P45: 2
A46: 422413 | B46: HIDROXIDO ALUMINIO GEL SECO | C46: 422413 - HIDROXIDO ALUMINIO GEL SECO | Lotes: 213062026 | D+8: 13/10/2026 | D46: 46305 | E46: 46305 | G46: 1 | L46: 10 | P46: 2
A47: 422454 | B47: SIMETICONA F | C47: 422454 - SIMETICONA F | Lotes: 206082026 | D+8: 14/10/2026 | D47: 46307 | E47: 46305 | G47: 3 | L47: 5 | P47: 2
A48: 422463 | B48: TEREBINTINA | C48: 422463 - TEREBINTINA | Lotes: 194772026 | D+8: 09/10/2026 | Particularidades: Inflamável | D48: 46302 | E48: 46301 | K48: 4 | M48: 1 | P48: 2
A49: 423548 | B49: PROPILENOGLICOL LPR | C49: 423548 - PROPILENOGLICOL LPR | Lotes: 179682026 | D+8: 22/09/2026 | D49: 46284 | E49: 46284 | G49: 1 | K49: 13 | M49: 1 | P49: 3
A50: 423592 | B50: ESTEARATO DE MAGNESIO LPR | C50: 423592 - ESTEARATO DE MAGNESIO LPR | Lotes: 203732026 | D+8: 14/10/2026 | D50: 46307 | E50: 46305 | I50: 1 | K50: 9 | M50: 1 | P50: 3
A51: 423601 | B51: EXTRATO SECO HEDERA HELIX 10% LPR | C51: 423601 - EXTRATO SECO HEDERA HELIX 10% LPR | Lotes: 137822025 | D+8: 19/09/2026 | Particularidades: Pesticidas/ Aflatoxinas - EM TERCEIRO | D51: 46282 | E51: 46281 | I51: 1 | L51: 9 | M51: 1 | N51: 1 | P51: 4
A52: 423617 | B52: HIDROXIDO DE ALUMINIO GEL ALUGEL LPR | C52: 423617 - HIDROXIDO DE ALUMINIO GEL ALUGEL LPR | Lotes: 127532026 | D+8: 10/10/2026 | D52: 46303 | E52: 46302 | L52: 11 | P52: 1
A53: 423621 | B53: HIDROXIDO DE ALUMINIO PO LPR | C53: 423621 - HIDROXIDO DE ALUMINIO PO LPR | Lotes: 215062026 | D+8: 14/10/2026 | D53: 46307 | E53: 46305 | G53: 1 | L53: 10 | P53: 2
A54: 425403 | B54: GLICEROL | C54: 425403 - GLICEROL | Lotes: 134452026 | D+8: 09/10/2026 | Particularidades: Polícia Civil | D54: 46302 | E54: 46301 | G54: 1 | K54: 12 | M54: 3 | P54: 3
A55: 425451 | B55: E AROMA ART LARANJA BR5917-IFF MTC | C55: 425451 - E AROMA ART LARANJA BR5917-IFF MTC | Lotes: 211032026 | D+8: 13/10/2026 | Particularidades: Refrig.: (A1) 2 ° a 8° C | D55: 46305 | E55: 46305 | G55: 1 | J55: 3 | M55: 1 | P55: 3
A56: 425491 | B56: A VALERATO DE BETA USP MICRON MTC | C56: 425491 - A VALERATO DE BETA USP MICRON MTC | Lotes: 221972025 | D+8: 18/07/2026 | D56: 46219 | E56: 46218 | G56: 1 | L56: 7 | N56: 2 | P56: 4
A57: 425651 | B57: E CERA BRANCA NF MTC | C57: 425651 - E CERA BRANCA NF MTC | Lotes: 152442026 | D+8: 29/09/2026 | D57: 46291 | E57: 46291 | J57: 8 | P57: 1
A58: 427791 | B58: AROMA DE GUARANA PO SC236770 | C58: 427791 - AROMA DE GUARANA PO SC236770 | Lotes: 210622026 | D+8: 14/10/2026 | D58: 46307 | E58: 46305 | G58: 1 | J58: 3 | P58: 2
A59: 435160 | B59: E TROLAMINA MTC | C59: 435160 - E TROLAMINA MTC | Lotes: 211612026 | D+8: 14/10/2026 | Particularidades: Check doc / Exército | D59: 46307 | E59: 46305 | O59: 1 | P59: 1
A60: 438009 | B60: A OCTOCRILENO MTCD | C60: 438009 - A OCTOCRILENO MTCD | Lotes: 195972026 | D+8: 25/09/2026 | D60: 46288 | E60: 46287 | L60: 1 | M60: 1 | P60: 2
A61: 438021 | B61: E D-PANTENOL (PRO VIT. B5 MTC | C61: 438021 - E D-PANTENOL (PRO VIT. B5 MTC | Lotes: 210532026 | D+8: 14/10/2026 | Particularidades: Check doc | D61: 46307 | E61: 46305 | O61: 1 | P61: 1
A62: 438086 | B62: E BUTILENOGLICOL COCOATO MTCD | C62: 438086 - E BUTILENOGLICOL COCOATO MTCD | Lotes: 204282026 | D+8: 14/10/2026 | Particularidades: Check doc/ Refrig.: (A1) 8 ° a 14° C | D62: 46307 | E62: 46305 | O62: 1 | P62: 1
A63: 438115 | B63: A TINOSORB S MTCD | C63: 438115 - A TINOSORB S MTCD | Lotes: 190782026 | D+8: 13/10/2026 | Particularidades: Check doc - Parcial | D63: 46305 | E63: 46305 | N63: 2 | P63: 1
A64: 438130 | B64: E CARBONATO DE DICAPRILA MTCD | C64: 438130 - E CARBONATO DE DICAPRILA MTCD | Lotes: 210562026 | D+8: 14/10/2026 | Particularidades: Check doc | D64: 46307 | E64: 46305 | O64: 1 | P64: 1
A65: 438134 | B65: E ADIPATO DE DIBUTILA MTCD | C65: 438134 - E ADIPATO DE DIBUTILA MTCD | Lotes: 210632026 | D+8: 14/10/2026 | Particularidades: Check doc | D65: 46307 | E65: 46305 | O65: 1 | P65: 1
A66: 438141 | B66: E LAURIL ETER SULFAT Na 26-28% MTCD | C66: 438141 - E LAURIL ETER SULFAT Na 26-28% MTCD | Lotes: 210442026 | D+8: 14/10/2026 | Particularidades: Check doc | D66: 46307 | E66: 46305 | O66: 1 | P66: 1
A67: 439079 | B67: E LACTOSE USP 100 MESH MTC | C67: 439079 - E LACTOSE USP 100 MESH MTC | Lotes: 212022026 | D+8: 14/10/2026 | D67: 46307 | E67: 46305 | F67: 2 | G67: 1 | K67: 8 | P67: 3
A68: 432890 | B68: HIDROXIESTEARATO MACROGOL KOLLIPHOR | C68: 432890 - HIDROXIESTEARATO MACROGOL KOLLIPHOR | Lotes: 190872026 | D+8: 01/10/2026 | Particularidades: Limite de Níquel/ Polietilenoglicol livre - EM TERCEIRO | D68: 46294 | E68: 46293 | G68: 1 | K68: 8 | M68: 2 | N68: 1 | P68: 4
A69: 439351 | B69: E LACTOSE RESPITOSE SV003 MTC | C69: 439351 - E LACTOSE RESPITOSE SV003 MTC | Lotes: 203792026 | D+8: 09/10/2026 | D69: 46302 | E69: 46301 | F69: 2 | G69: 1 | J69: 1 | K69: 9 | P69: 4
A70: 446412 | B70: CAP BRANCA + AZUL NR 3 | C70: 446412 - CAP BRANCA + AZUL NR 3 | Lotes: 209902026 | D+8: 13/10/2026 | D70: 46305 | E70: 46305 | J70: 5 | P70: 1
A71: 446413 | B71: CAP VERDE + AZUL NR 1 | C71: 446413 - CAP VERDE + AZUL NR 1 | Lotes: 212102026 | D+8: 13/10/2026 | D71: 46305 | E71: 46305 | J71: 5 | P71: 1
A72: 451033 | B72: AMOXICILINA TRIHIDRATADA COMPAC RENZIMAT | C72: 451033 - AMOXICILINA TRIHIDRATADA COMPAC RENZIMAT | Lotes: 160472026 / 118752026 / 118762026 / 85692026 / 85682026 | D+8: 09/09/2026 | D72: 46272 | E72: 46270 | G72: 3 | L72: 12 | M72: 1 | N72: 4 | P72: 4
A73: 456970 | B73: BIOECOLIA | C73: 456970 - BIOECOLIA | Lotes: 209782026 | D+8: 14/10/2026 | Particularidades: Check doc | D73: 46307 | E73: 46305 | O73: 1 | P73: 1
A74: 456981 | B74: CAP LARANJA + BRANCO NR4 | C74: 456981 - CAP LARANJA + BRANCO NR4 | Lotes: 203562026 | D+8: 01/10/2026 | D74: 46294 | E74: 46293 | J74: 5 | P74: 1
A75: 457059 | B75: SIMETICONA PO | C75: 457059 - SIMETICONA PO | Lotes: 166772026 | D+8: 08/10/2026 | D75: 46301 | E75: 46300 | G75: 1 | L75: 7 | P75: 2
A76: 457673 | B76: BISGLICINATO FERRO 20% | C76: 457673 - BISGLICINATO FERRO 20% | Lotes: 17942026 | D+8: 14/10/2026 | Particularidades: Check doc | D76: 46307 | E76: 46305 | O76: 1 | P76: 1
A77: 458090 | B77: ZEMEA PROPANEDIOL | C77: 458090 - ZEMEA PROPANEDIOL | Lotes: 210552026 | D+8: 14/10/2026 | Particularidades: Check doc | D77: 46307 | E77: 46305 | O77: 1 | P77: 1
A78: 459184 | B78: MALEATO DE DEXCLORFENIRAMINA GEN | C78: 459184 - MALEATO DE DEXCLORFENIRAMINA GEN | Lotes: 212992026 / 213002026 / 213012026 | D+8: 07/10/2026 | D78: 46300 | E78: 46298 | G78: 1 | L78: 8 | M78: 1 | N78: 3 | P78: 4
A79: 461405 | B79: HIPROMELOSE 2208 K4M DC | C79: 461405 - HIPROMELOSE 2208 K4M DC | Lotes: 162122025 | D+8: 08/10/2026 | D79: 46301 | E79: 46300 | K79: 13 | M79: 3 | P79: 2
A80: 462454 | B80: CAP N0 TAMPA AZUL CORPO BRANCO (293 CP) | C80: 462454 - CAP N0 TAMPA AZUL CORPO BRANCO (293 CP) | Lotes: 208892026 | D+8: 08/10/2026 | D80: 46301 | E80: 46300 | J80: 5 | P80: 1
A81: 462455 | B81: CLORIDRATO DE FEXOFENADINA | C81: 462455 - CLORIDRATO DE FEXOFENADINA | Lotes: 207492026 / 207502026 | D+8: 07/10/2026 | Particularidades: PF - repouso 16 horas | D81: 46300 | E81: 46298 | G81: 1 | H81: 1 | L81: 11 | M81: 1 | N81: 3 | P81: 5
A82: 462567 | B82: AMIDO PRE GELATINIZADO STARCH 1500 | C82: 462567 - AMIDO PRE GELATINIZADO STARCH 1500 | Lotes: 214652026 | D+8: 14/10/2026 | D82: 46307 | E82: 46305 | G82: 1 | J82: 8 | P82: 2
A83: 462570 | B83: LACTOSE MONOIDRAT MALHA 200 | C83: 462570 - LACTOSE MONOIDRAT MALHA 200 | Lotes: 212072026 | D+8: 14/10/2026 | D83: 46307 | E83: 46305 | F83: 2 | G83: 1 | K83: 7 | P83: 3
A84: 463057 | B84: DIPIRONA MONOIDRATADA | C84: 463057 - DIPIRONA MONOIDRATADA | Lotes: 194362026 / 132042026 / 132032026 / 194452026 / 133542026 / 221602025 / 133552026 / 133572026 / 203492026 / 203482026 / 203502026 / 203462026 / 194392026 / 133562026 / 203472026 / 203512026 / 203522026 | D+8: 29/09/2026 | Particularidades: Polícia Federal | D84: 46291 | E84: 46291 | G84: 1 | H84: 1 | L84: 11 | M84: 2 | N84: 1 | P84: 5
A85: 463614 | B85: DIPIRONA MONOIDRATADA A | C85: 463614 - DIPIRONA MONOIDRATADA A | Lotes: 237852024 / 47042022 / 120972022 | D+8: 09/10/2026 | Particularidades: Polícia Federal | D85: 46302 | E85: 46301 | G85: 1 | L85: 11 | M85: 1 | N85: 1 | P85: 4
A86: 463950 | B86: CELULOSE MICROCRISTALINA MC102 | C86: 463950 - CELULOSE MICROCRISTALINA MC102 | Lotes: 177862026 | D+8: 01/10/2026 | D86: 46294 | E86: 46293 | G86: 1 | K86: 13 | P86: 2
A87: 464096 | B87: ORANGE FLAVOR 545254 AL | C87: 464096 - ORANGE FLAVOR 545254 AL | Lotes: 18122026 | D+8: 14/10/2026 | Particularidades: Check doc | D87: 46307 | E87: 46305 | O87: 1 | P87: 1
A88: 464274 | B88: AQUARIUS PROTECT ROXO | C88: 464274 - AQUARIUS PROTECT ROXO | Lotes: 209052026 | D+8: 08/10/2026 | D88: 46301 | E88: 46300 | G88: 1 | J88: 3 | P88: 2
A89: 464476 | B89: CARBOMERO 980 | C89: 464476 - CARBOMERO 980 | Lotes: 203782026 | D+8: 09/10/2026 | Particularidades: Inflamável | D89: 46302 | E89: 46301 | G89: 1 | K89: 10 | M89: 2 | N89: 1 | P89: 4
A90: 465382 | B90: BESILATO DE LEVANLODIPINO HEMIPENTAID 1 | C90: 465382 - BESILATO DE LEVANLODIPINO HEMIPENTAID 1 | Lotes: 208542026 | D+8: 09/10/2026 | Particularidades: Granulometria Backman Coulter | D90: 46302 | E90: 46301 | G90: 1 | H90: 1 | L90: 6 | M90: 3 | N90: 4 | P90: 5
A91: 471147 | B91: OPADRY EZ BRANCO | C91: 471147 - OPADRY EZ BRANCO | Lotes: 209542026 | D+8: 08/10/2026 | D91: 46301 | E91: 46300 | G91: 1 | J91: 3 | P91: 2
A92: 472381 | B92: HIDROXIDO DE MAGNESIO 1 | C92: 472381 - HIDROXIDO DE MAGNESIO 1 | Lotes: 152682026 | D+8: 13/10/2026 | D92: 46305 | E92: 46305 | I92: 2 | L92: 7 | P92: 2
A93: 472490 | B93: ESOMEPRAZOL PELLETS 1 | C93: 472490 - ESOMEPRAZOL PELLETS 1 | Lotes: 168972026 / 197992026 / 198002026 / 198032026 / 198042026 | D+8: 07/10/2026 | D93: 46300 | E93: 46298 | L93: 5 | N93: 3 | P93: 2
A94: 473730 | B94: AQUARIUS NUTRA TF BAP514022 YELLOW | C94: 473730 - AQUARIUS NUTRA TF BAP514022 YELLOW | Lotes: 18062026 | D+8: 14/10/2026 | Particularidades: Check doc | D94: 46307 | E94: 46305 | O94: 1 | P94: 1
A95: 474189 | B95: LOSARTANA POTASSICA 5 | C95: 474189 - LOSARTANA POTASSICA 5 | Lotes: 152192026 / 152292026 / 152302026 / 152272026 / 152312026 / 152332026 / 177302026 / 152342026 | D+8: 07/10/2026 | D95: 46300 | E95: 46298 | F95: 1 | G95: 1 | H95: 1 | L95: 4 | M95: 4 | N95: 3 | P95: 6
A96: 474231 | B96: EXTRATO SENE ACIDO 45% QF 2 | C96: 474231 - EXTRATO SENE ACIDO 45% QF 2 | Lotes: 179932026 / 179922026 | D+8: 08/09/2026 | Particularidades: Refrig.: (A1) 2 ° a 8° C/ Pesticidas/ Aflatoxinas - EM TERCEIRO | D96: 46270 | E96: 46270 | L96: 14 | M96: 1 | N96: 1 | P96: 3
A97: 477641 | B97: EXTRATO ACIDO DE SENE | C97: 477641 - EXTRATO ACIDO DE SENE | Lotes: 179942026 | D+8: 17/09/2026 | Particularidades: Refrig.: (A1) 2 ° a 8° C/ Pesticidas - EM TERCEIRO | D97: 46280 | E97: 46279 | L97: 9 | M97: 1 | N97: 1 | P97: 3
A98: 477967 | B98: HIDROXIDO DE ALUMINIO 1 | C98: 477967 - HIDROXIDO DE ALUMINIO 1 | Lotes: 173112026 | D+8: 14/10/2026 | D98: 46307 | E98: 46305 | G98: 1 | L98: 16 | P98: 2
A99: 478068 | B99: MINOXIDIL QF | C99: 478068 - MINOXIDIL QF | Lotes: 192162026 | D+8: 23/09/2026 | D99: 46286 | E99: 46284 | G99: 1 | L99: 3 | M99: 1 | N99: 2 | P99: 4
A100: 478553 | B100: PARACETAMOL QF3 | C100: 478553 - PARACETAMOL QF3 | Lotes: 215902026 / 215912026 / 216182026 / 216202026 | D+8: 14/10/2026 | Particularidades: Polícia Federal | D100: 46307 | E100: 46305 | G100: 1 | H100: 1 | L100: 5 | N100: 4 | P100: 4
A101: 485956 | B101: SACCHAROMYCES BOULARDII 1 | C101: 485956 - SACCHAROMYCES BOULARDII 1 | Lotes: 231092025 | D+8: 14/10/2026 | D101: 46307 | E101: 46305 | I101: 1 | J101: 6 | P101: 2
...

Sheet PAINEL - CG
B1: LEGENDA: | C1: Finalizado | D1: Investigação
B2: Iniciar Análise | C2: Em andamento | D2: Prog. em andamento
B4: FAMÍLIA | C4: PREPARO | D4: TURNO | E4: 11/05 | F4: 12/05 | G4: 13/05 | H4: 14/05 | I4: 15/05 | J4: 16/05 | K4: 17/05/2026 | L4: 18/05/2026 | M4: 19/05/2026 | N4: 20/05/2026 | O4: 21/05/2026 | P4: 22/05/2026 | Q4: 23/05/2026 | R4: 24/05/2026 | S4: 25/05/2026 | T4: 26/05/2026 | U4: 27/05/2026 | V4: 28/05/2026 | W4: 29/05/2026 | X4: 30/05/2026 | Y4: 31/05/2026 | Z4: 01/06/2026 | AA4: 02/06/2026 | AB4: 03/06/2026 | AC4: 04/06/2026 | AD4: 05/06/2026 | AE4: 06/06/2026 | AF4: 07/06/2026 | AG4: 08/06/2026 | AH4: 09/06/2026 | AI4: 10/06/2026 | AJ4: 11/06/2026 | AK4: 12/06/2026 | AL4: 13/06/2026 | AM4: 14/06/2026 | AN4: 15/06/2026 | AO4: 16/06/2026 | AP4: 17/06/2026 | AQ4: 18/06/2026 | AR4: 19/06/2026 | AS4: 20/06/2026 | AT4: 21/06/2026 | AU4: 22/06/2026 | AV4: 23/06/2026 | AW4: 24/06/2026 | AX4: 25/06/2026 | AY4: 26/06/2026 | AZ4: 27/06/2026 | BA4: 28/06/2026 | BB4: 29/06/2026 | BC4: 30/06/2026 | BD4: 01/07/2026 | BE4: 02/07/2026 | BF4: 03/07/2026 | BG4: 04/07/2026 | BH4: 05/07/2026 | BI4: 06/07/2026 | BJ4: 07/07/2026 | BK4: 08/07/2026 | BL4: 09/07/2026 | BM4: 10/07/2026 | BN4: 11/07/2026 | BO4: 12/07/2026 | BP4: 13/07/2026 | BQ4: 14/07/2026 | BR4: 15/07/2026 | BS4: 16/07/2026 | BT4: 17/07/2026 | BU4: 18/07/2026 | BV4: 19/07/2026 | BW4: 20/07/2026 | BX4: 21/07/2026 | BY4: 22/07/2026 | BZ4: 23/07/2026 | CA4: 24/07/2026 | CB4: 25/07/2026 | CC4: 26/07/2026 | CD4: 27/07/2026 | CE4: 28/07/2026 | CF4: 29/07/2026 | CG4: 30/07/2026 | CH4: 31/07/2026 | CI4: 01/08/2026 | CJ4: 02/08/2026 | CK4: 03/08/2026 | CL4: 04/08/2026 | CM4: 05/08/2026 | CN4: 06/08/2026 | CO4: 07/08/2026 | CP4: 08/08/2026 | CQ4: 09/08/2026 | CR4: 10/08/2026 | CS4: 11/08/2026 | CT4: 12/08/2026 | CU4: 13/08/2026 | CV4: 14/08/2026 | CW4: 15/08/2026 | CX4: 16/08/2026 | CY4: 17/08/2026 | CZ4: 18/08/2026 | DA4: 19/08/2026 | DB4: 20/08/2026 | DC4: 21/08/2026 | DD4: 22/08/2026 | DE4: 23/08/2026 | DF4: 24/08/2026 | DG4: 25/08/2026 | DH4: 26/08/2026 | DI4: 27/08/2026 | DJ4: 28/08/2026 | DK4: 29/08/2026 | DL4: 30/08/2026 | DM4: 31/08/2026 | DN4: 01/09/2026 | DO4: 02/09/2026 | DP4: 03/09/2026 | DQ4: 04/09/2026 | DR4: 05/09/2026 | DS4: 06/09/2026 | DT4: 07/09/2026 | DU4: 08/09/2026 | DV4: 09/09/2026 | DW4: 10/09/2026 | DX4: 11/09/2026 | DY4: 12/09/2026 | DZ4: 13/09/2026 | EA4: 14/09/2026 | EB4: 15/09/2026 | EC4: 16/09/2026 | ED4: 17/09/2026 | EE4: 18/09/2026 | EF4: 19/09/2026 | EG4: 20/09/2026 | EH4: 21/09/2026 | EI4: 22/09/2026 | EJ4: 23/09/2026 | EK4: 24/09/2026 | EL4: 25/09/2026 | EM4: 26/09/2026 | EN4: 27/09/2026 | EO4: 28/09/2026 | EP4: 29/09/2026 | EQ4: 30/09/2026 | ER4: 01/10/2026 | ES4: 02/10/2026 | ET4: 03/10/2026 | EU4: 04/10/2026 | EV4: 05/10/2026 | EW4: 06/10/2026 | EX4: 07/10/2026 | EY4: 08/10/2026 | EZ4: 09/10/2026 | FA4: 10/10/2026 | FB4: 11/10/2026 | FC4: 12/10/2026 | FD4: 13/10/2026 | FE4: 14/10/2026 | FF4: 15/10/2026 | FG4: 16/10/2026 | FH4: 17/10/2026 | FI4: 18/10/2026 | FJ4: 19/10/2026 | FK4: 20/10/2026 | FL4: 21/10/2026 | FM4: 22/10/2026 | FN4: 23/10/2026 | FO4: 24/10/2026 | FP4: 25/10/2026 | FQ4: 26/10/2026 | FR4: 27/10/2026 | FS4: 28/10/2026 | FT4: 29/10/2026 | FU4: 30/10/2026 | FV4: 31/10/2026 | FW4: 01/11/2026 | FX4: 02/11/2026 | FY4: 03/11/2026 | FZ4: 04/11/2026 | GA4: 05/11/2026 | GB4: 06/11/2026 | GC4: 07/11/2026 | GD4: 08/11/2026 | GE4: 09/11/2026 | GF4: 10/11/2026 | GG4: 11/11/2026 | GH4: 12/11/2026 | GI4: 13/11/2026 | GJ4: 14/11/2026 | GK4: 15/11/2026 | GL4: 16/11/2026 | GM4: 17/11/2026 | GN4: 18/11/2026 | GO4: 19/11/2026 | GP4: 20/11/2026 | GQ4: 21/11/2026 | GR4: 22/11/2026 | GS4: 23/11/2026 | GT4: 24/11/2026 | GU4: 25/11/2026 | GV4: 26/11/2026 | GW4: 27/11/2026 | GX4: 28/11/2026 | GY4: 29/11/2026 | GZ4: 30/11/2026 | HA4: 01/12/2026 | HB4: 02/12/2026 | HC4: 03/12/2026 | HD4: 04/12/2026 | HE4: 05/12/2026 | HF4: 06/12/2026 | HG4: 07/12/2026 | HH4: 08/12/2026 | HI4: 09/12/2026 | HJ4: 10/12/2026 | HK4: 11/12/2026 | HL4: 12/12/2026 | HM4: 13/12/2026 | HN4: 14/12/2026 | HO4: 15/12/2026 | HP4: 16/12/2026 | HQ4: 17/12/2026 | HR4: 18/12/2026 | HS4: 19/12/2026 | HT4: 20/12/2026 | HU4: 21/12/2026 | HV4: 22/12/2026 | HW4: 23/12/2026 | HX4: 24/12/2026 | HY4: 25/12/2026 | HZ4: 26/12/2026 | IA4: 27/12/2026 | IB4: 28/12/2026 | IC4: 29/12/2026 | ID4: 30/12/2026 | IE4: 31/12/2026 | IF4: 01/01/2027 | IG4: 02/01/2027 | IH4: 03/01/2027
B5: Teste CG | C5: 1 - Preparo | D5: 3° Turno | M5: EXTR SECO PASSIFLORA INCARNATA 4-6% FLAV-271822025 - D8-19/05 (terceiro ok) | N5: DIPIRONA SODICA 1-255872024 - D8-21/05 | V5: 465382 - BESILATO DE LEVANLODIPINO HEMIPENTAID 1 | Lotes: 107142026 / 107152026 / 107162026 / 107132026 | D+8: 02/06/2026 | W5: 438009 - A OCTOCRILENO MTCD - 0103982026 | X5: 409951 - CITRATO DE TRIETILA NEO | Lotes: 106282026 | D+8: 05/06/2026 | AA5: 474189 - LOSARTANA POTASSICA 5 | Lotes: 81102026 / 81112026 / 81122026 / 81142026 / 81152026/ 81162026/ 81172026/ 81182026 | D+8: 05/06/2026 | AB5: 410126 - PLASDONE S630 NEO | Lotes: 114152026 | D+8: 11/06/2026 | AC5: 410350 - PREDNISONA NEO | Lotes: completo: 103112026/ QA:53182026 / 68172026 / 68182026 / 68192026/ 68202026 | AD5: 465081 - FENOFIBRATO 2 | Lotes: 111512026 / 111522026 | D+8: 10/06/2026 | AE5: 422463 - TEREBINTINA | Lotes: 3872025 | D+8: 11/06/2026 | AI5: 460878 - MUCATO ISOMETEPTENO | Lotes: 84932026/ 84132026 | D+8: 12/06/2026 | AJ5: 476853 - SA BATOQUE PEBD GD20 GERRES 449097| Lotes: B25M1691 | D+8: 11/06/2026 | AK5: 459987 - HPMC K100 2208 | Lotes: 109322026 | D+8: 18/06/2026/ 442832 - HPMC K100 LV | Lotes: 119412026 | D+8: 24/06/2026 | AL5: 473869 - ACIDO ASCORBICO QF | Lotes: 93882026 | D+8: 18/06/2026 | AO5: 463132 - MALEATO BRONFENIRAMINA | Lotes: 111472026 | D+8: 17/06/2026 | AP5: 422391 - DOCUSATO SODICO | Lotes: 109092026 | D+8: 20/06/2026 | AQ5: 410457 - AMOXICILINA TRIHIDRATADA GEN NEO | Lotes: 126752026 / 126742026/ 126762026/ 126732026/ 126772026/ 126782026 | D+8: 01/07/2026 | AR5: 464199 - VALSARTANA QF | Lotes: 107552026 / 107562026/ 107572026/ 165122025/ 165152026/ 262622025 / 262632025 / 262642025/ 262652025 | D+8: 23/06/2026 | AS5: 464997 - CARISOPRODOL B1 | Lotes: 16132026 / 51332026 / 51342026 / 51352026/ 51362026 / 51372026 | D+8: 24/06/2026 | AV5: 414310 - ALCOOL ETILICO 96GL NEO | Lotes: 0130412026 | AW5: 410047 - HIDROXIPROPILCELULOSE KLUCEL LF NEO | Lotes: 103832026 | D+8: 26/06/2026 | AX5: 422371 - CLORIDRATO DE FENILEFRINA | Lotes: 84162026 | D+8: 01/07/2026 | AY5: 425414 - E SUCRALOSE MTC | Lotes: 121182026 | D+8: 01/07/2026 | BA5: {=IFERROR( INDEX( _xlfn._xlws.FILTER( 'ROTAS E FAMILIAS'!$C$5:$C$1051, (TEXT('ROTAS E FAMILIAS'!$E$5:$E$1051,"DD/MM/AAAA")=TEXT(BA$4,"DD/MM/AAAA")) *('ROTAS E FAMILIAS'!$L$5:$L$1051<>"") ), ROWS($A$5:$A5)-MATCH($B5,$B$5:$B5,0)+1 ), "" )} | BC5: 410081 - CREMOPHOR RH 40 BASF NEO | Lotes: QA - 80172026 | D+8: 07/07/2026 | BD5: 465148 - NITROFURANTOINA QF | Lotes: 116832026 / 116822026 | D+8: 08/07/2026 | BE5: 409966 - ALCOOL ISOPROPILICO ISOPROPANOL NEO | Lotes: QA - 122782026 | D+8: 03/07/2026 | BF5: 410308 - GLIBENCLAMIDA NEO | Lotes: 132392026 / 132402026 / 132382026 | D+8: 09/07/2026 | BG5: 422350 - BISACODIL | Lotes: 116082026 | D+8: 10/07/2026 | BJ5: 464997 - CARISOPRODOL B1 | Lotes: 63742026 / 63812026 / 63822026 / 63832026 | D+8: 03/07/2026 | BK5: 410527 - MESALAZINA NEO | Lotes: 137022026 / 137052026 / 137062026 / 137072026 / 137082026 / 137092026 / 137102026 / 137042026 / 137032026 | D+8: 15/07/2026 | BL5: 410066 - CETOMACROGOL 1000 VOLPO CS 20 CRODA NEO | Lotes: 119292026 / 98412026 | D+8: 15/07/2026 | BM5: 480088 - DIGLICONATO DE CLOREXIDINA 20% NSF QF | Lotes: 61312026 | D+8: 21/07/2026 | BQ5: 474228 - CLORIDRATO DE PIRIDOXINA TK | Lotes: 132942026 | D+8: 14/07/2026 | BR5: 425484 - A DIP BETAMETASONA USP MICRON MTC | Lotes: 72512026 | D+8: 22/07/2026 | BS5: 425403 - GLICEROL | Lotes: 134462026 | D+8: 25/07/2026409968 - GLICERINA BI DESTILADA NEO | Lotes: 131742026 | D+8: 21/07/2026 | BT5: 410371 - DIAZEPAM B1 NEO | Lotes: 127522026 | D+8: 25/07/2026 | BV5: {=IFERROR( INDEX( _xlfn._xlws.FILTER( 'ROTAS E FAMILIAS'!$C$5:$C$1051, (TEXT('ROTAS E FAMILIAS'!$E$5:$E$1051,"DD/MM/AAAA")=TEXT(BV$4,"DD/MM/AAAA")) *('ROTAS E FAMILIAS'!$L$5:$L$1051<>"") ), ROWS($A$5:$A5)-MATCH($B5,$B$5:$B5,0)+1 ), "" )} | BZ5: 475658 - GUAIFENESINA 4 | Lotes: 275612025 | D+8: 29/07/2026 | CA5: 442832 - HPMC K100 LV | Lotes: 147382026 | CB5: 463057 - DIPIRONA MONOIDRATADA | Lotes: completo:122172026 | D+8: 29/07/2026 | CC5: {=IFERROR( INDEX( _xlfn._xlws.FILTER( 'ROTAS E FAMILIAS'!$C$5:$C$1051, (TEXT('ROTAS E FAMILIAS'!$E$5:$E$1051,"DD/MM/AAAA")=TEXT(CC$4,"DD/MM/AAAA")) *('ROTAS E FAMILIAS'!$L$5:$L$1051<>"") ), ROWS($A$5:$A5)-MATCH($B5,$B$5:$B5,0)+1 ), "" )} | CE5: 463952 - ALCOOL POLIVINILICO/PEG/TALCO | Lotes: 94262026 | D+8: 04/08/2026 | CF5: 465082 - GLICLAZIDA 2 | Lotes: 152132023 | D+8: 23/07/2026 | CH5: 422376 - CLORIDRATO NAFAZOLINA | Lotes: 23662026/ 67512026/ 67572026/ 67582026/ 109112026/ 109122026 | D+8: 06/08/2026 | CI5: 463057 - DIPIRONA MONOIDRATADA | Lotes: completo:151792026 | D+8: 07/08/2026 | CM5: 463145 - NISTATINA | Lotes: 156922026 | D+8: 08/08/2026 | CN5: 463133 - NITRATO BUTOCONAZOL QF | Lotes: 112892026 | D+8: 13/08/2026 | CO5: 464476 - CARBOMERO 980 | Lotes: 157292026 | D+8: 13/08/2026 | CP5: 465266 - CITRATO DE COLINA 1 | Lotes: 2952026 | D+8: 12/08/2026 | CS5: 473717 - CARISOPRODOL 4 B1 | Lotes: COMPLETO: 142032026 / 142132026/ QA: 142042026 / 142052026 / 142062026 / 142072026 / 142082026 / 142092026 / 142102026 / 142112026 / 142122026 / 142142026 / 142152026 | D+8: 13/08/2026 | CT5: 418750 - L-HPC LH11 L-HIDROXIPROPILCELULOSE NEO | Lotes: 162832026 / 162822026 | D+8: 20/08/2026 | CU5: 472128 - OLMESARTANA MEDOXOMILA NP | Lotes: 163452026 | D+8: 21/08/2026 | CV5: 459184 - MALEATO DE DEXCLORFENIRAMINA GEN | Lotes: 167992026 / 168002026 | D+8: 21/08/2026 | CZ5: 474189 - LOSARTANA POTASSICA 5 | Lotes: 85122026 / 85082026 / 85062026 / 85072026 | D+8: 22/08/2026 | DA5: 425477 - A MAL DEXCLORFENIRAMINA MTC | Lotes: 156822026 / 167922026 | D+8: 22/08/2026 | DB5: 463057 - DIPIRONA MONOIDRATADA | Lotes: COMPLETO: 150962026/ 145982026 /QA: 146032026 / 151712026 /151742026/ 150872026/ 146072026/ 146052026/ / 133582026 | D+8: 21/08/2026 | Particularidades: Polícia Federal | DD5: 427729 - TADALAFILA | Lotes: COMPLETO: 163472026/ QA: 163462026 / 163492026/ 163502026 | D+8: 25/08/2026 | DG5: 423605 - CLORIDRATO DE PIRIDOXINA LPR | Lotes: 150552026 | DH5: 422376 - CLORIDRATO NAFAZOLINA | Lotes: 67492026/ 67502026 | DI5: 439084 - A CLORID DE CICLOBENZAPRINA MTC | Lotes: 20372021 | D+8: 22/08/2026 | DK5: 422348 - BETAINA MONOIDRATADA | Lotes: 106472026 | D+8: 28/08/2026 | DN5: 459975 - OLEO RICINO HIDROGENADO PEG 40 | Lotes: 21582026 | D+8: 31/08/2026 - PROBLEMAS NO MÉTODO | DO5: 476472 - IBUPROFENO | Lotes: 189042024 | D+8: 28/08/2026 | DP5: 462455 - CLORIDRATO DE FEXOFENADINA | Lotes: 182712026 | D+8: 03/09/2026 | Particularidades: PF - repouso 16 horas | DQ5: 487979 - CLORID DE CICLOBENZAPRINA 2 | Lotes: 131952026 | D+8: 04/09/2026 | DR5: 410126 - PLASDONE S630 NEO | Lotes: 168622026 | D+8: 03/09/2026 | DV5: 461168 - GENU PECTIN LM-HC-30 CS | Lotes: 90002026 | D+8: 30/07/2026 | DW5: 459336 - LHPC NBD 021 | Lotes: 163522026 | D+8: 05/09/2026 | DX5: 485607 - CARBOXIMETILCELULOSE SODICA QF | Lotes: 177742026 | D+8: 11/09/2026 | DY5: 426773 - DICLOFENACO SODICO NEO A | Lotes: 187012026 / 187022026 | D+8: 16/09/2026 | Particularidades: PF - repouso 24 horas | EB5: 410066 - CETOMACROGOL 1000 VOLPO CS 20 CRODA NEO | Lotes: 179842026 | D+8: 16/09/2026 | EC5: 471516 - MALEATO DE FENIRAMINA | Lotes: 55592022 | D+8: 12/09/2026 | ED5: 489251 - CLORIDRATO PROPRANOLOL 2 | Lotes: 174732026 | D+8: 19/09/2026 | EE5: 422434 - NITRATO DE MICONAZOL | Lotes: 183452026/ 183462026 | D+8: 18/09/2026 | EI5: 465338 - IBUPROFENO GR70 2 | Lotes: 165172026 | D+8: 22/09/2026 | EJ5: 471700 - DICLOFENACO DIETILAMONIO 1 | Lotes: 119302026/ 122302026 | D+8: 24/09/2026 | EK5: 410049 - SORBITOL NEO | Lotes: 180902026 / 126512026 / 159012026/ | D+8: 25/09/2026 | EL5: 465153 - CLORIDRATO DE FENILEFRINA 1 | Lotes: 194562026 | D+8: 26/09/2026 | EM5: 457350 - LEVOMENTOL | Lotes: 174532026/ 174542026 | Particularidades: PF - repouso 16 horas | EP5: 465170 - DIPIRONA SODICA 1 | Lotes:194412026/ 194422026/ 194432026 / 194442026/ 194372026/194402026 | D+8: 03/10/2026 | Particularidades: Polícia Federal | EQ5: 410457 - AMOXICILINA TRIHIDRATADA GEN NEO | Lotes: completo: 208792026 / QA: 208802026 / 208812026 / 208832026 / 208842026 / 208852026 / 208862026 | D+8: 07/10/2026 | ER5: 474298 - PROPILENOGLICOL | Lotes: 193112026 | D+8: 06/10/2026 | ES5: 409968 - GLICERINA BI DESTILADA NEO | Lotes: QA - 112472026 | D+8: 07/10/2026 | Particularidades: Polícia Civil/ 425403 - GLICEROL | Lotes: 134452026 | D+8: 09/10/2026 | Particularidades: Polícia Civil | ET5: 459184 - MALEATO DE DEXCLORFENIRAMINA GEN | Lotes: 212992026 / 213002026 / 213012026 | D+8: 07/10/2026 | EV5: 410047 - HIDROXIPROPILCELULOSE KLUCEL LF NEO | Lotes: 194822026 | D+8: 06/10/2026 | Particularidades: Sílica - EM TERCEIRO | FA5: {=IFERROR( INDEX( _xlfn._xlws.FILTER( 'ROTAS E FAMILIAS'!$C$5:$C$1015, (TEXT('ROTAS E FAMILIAS'!$E$5:$E$1015,"DD/MM/AAAA")=TEXT(EI$4,"DD/MM/AAAA")) *('ROTAS E FAMILIAS'!$N$5:$N$1015<>"") ), ROWS($A$5:$A10)-MATCH($B10,$B$5:$B10,0)+1 ), "" )} | FB5: {=IFERROR( INDEX( _xlfn._xlws.FILTER( 'ROTAS E FAMILIAS'!$C$5:$C$1015, (TEXT('ROTAS E FAMILIAS'!$E$5:$E$1015,"DD/MM/AAAA")=TEXT(EI$4,"DD/MM/AAAA")) *('ROTAS E FAMILIAS'!$N$5:$N$1015<>"") ), ROWS($A$5:$A10)-MATCH($B10,$B$5:$B10,0)+1 ), "" )} | FC5: {=IFERROR( INDEX( _xlfn._xlws.FILTER( 'ROTAS E FAMILIAS'!$C$5:$C$1015, (TEXT('ROTAS E FAMILIAS'!$E$5:$E$1015,"DD/MM/AAAA")=TEXT(EI$4,"DD/MM/AAAA")) *('ROTAS E FAMILIAS'!$N$5:$N$1015<>"") ), ROWS($A$5:$A10)-MATCH($B10,$B$5:$B10,0)+1 ), "" )} | FD5: {=IFERROR( INDEX( _xlfn._xlws.FILTER( 'ROTAS E FAMILIAS'!$C$5:$C$1015, (TEXT('ROTAS E FAMILIAS'!$E$5:$E$1015,"DD/MM/AAAA")=TEXT(EI$4,"DD/MM/AAAA")) *('ROTAS E FAMILIAS'!$N$5:$N$1015<>"") ), ROWS($A$5:$A10)-MATCH($B10,$B$5:$B10,0)+1 ), "" )} | FE5: {=IFERROR( INDEX( _xlfn._xlws.FILTER( 'ROTAS E FAMILIAS'!$C$5:$C$1015, (TEXT('ROTAS E FAMILIAS'!$E$5:$E$1015,"DD/MM/AAAA")=TEXT(EI$4,"DD/MM/AAAA")) *('ROTAS E FAMILIAS'!$N$5:$N$1015<>"") ), ROWS($A$5:$A10)-MATCH($B10,$B$5:$B10,0)+1 ), "" )} | FF5: {=IFERROR( INDEX( _xlfn._xlws.FILTER( 'ROTAS E FAMILIAS'!$C$5:$C$1015, (TEXT('ROTAS E FAMILIAS'!$E$5:$E$1015,"DD/MM/AAAA")=TEXT(EI$4,"DD/MM/AAAA")) *('ROTAS E FAMILIAS'!$N$5:$N$1015<>"") ), ROWS($A$5:$A10)-MATCH($B10,$B$5:$B10,0)+1 ), "" )} | FG5: {=IFERROR( INDEX( _xlfn._xlws.FILTER( 'ROTAS E FAMILIAS'!$C$5:$C$1015, (TEXT('ROTAS E FAMILIAS'!$E$5:$E$1015,"DD/MM/AAAA")=TEXT(EI$4,"DD/MM/AAAA")) *('ROTAS E FAMILIAS'!$N$5:$N$1015<>"") ), ROWS($A$5:$A10)-MATCH($B10,$B$5:$B10,0)+1 ), "" )} | FH5: {=IFERROR( INDEX( _xlfn._xlws.FILTER( 'ROTAS E FAMILIAS'!$C$5:$C$1015, (TEXT('ROTAS E FAMILIAS'!$E$5:$E$1015,"DD/MM/AAAA")=TEXT(EI$4,"DD/MM/AAAA")) *('ROTAS E FAMILIAS'!$N$5:$N$1015<>"") ), ROWS($A$5:$A10)-MATCH($B10,$B$5:$B10,0)+1 ), "" )} | FI5: {=IFERROR( INDEX( _xlfn._xlws.FILTER( 'ROTAS E FAMILIAS'!$C$5:$C$1015, (TEXT('ROTAS E FAMILIAS'!$E$5:$E$1015,"DD/MM/AAAA")=TEXT(EI$4,"DD/MM/AAAA")) *('ROTAS E FAMILIAS'!$N$5:$N$1015<>"") ), ROWS($A$5:$A10)-MATCH($B10,$B$5:$B10,0)+1 ), "" )} | FJ5: {=IFERROR( INDEX( _xlfn._xlws.FILTER( 'ROTAS E FAMILIAS'!$C$5:$C$1015, (TEXT('ROTAS E FAMILIAS'!$E$5:$E$1015,"DD/MM/AAAA")=TEXT(EI$4,"DD/MM/AAAA")) *('ROTAS E FAMILIAS'!$N$5:$N$1015<>"") ), ROWS($A$5:$A10)-MATCH($B10,$B$5:$B10,0)+1 ), "" )} | FK5: {=IFERROR( INDEX( _xlfn._xlws.FILTER( 'ROTAS E FAMILIAS'!$C$5:$C$1015, (TEXT('ROTAS E FAMILIAS'!$E$5:$E$1015,"DD/MM/AAAA")=TEXT(EI$4,"DD/MM/AAAA")) *('ROTAS E FAMILIAS'!$N$5:$N$1015<>"") ), ROWS($A$5:$A10)-MATCH($B10,$B$5:$B10,0)+1 ), "" )} | FL5: {=IFERROR( INDEX( _xlfn._xlws.FILTER( 'ROTAS E FAMILIAS'!$C$5:$C$1015, (TEXT('ROTAS E FAMILIAS'!$E$5:$E$1015,"DD/MM/AAAA")=TEXT(EI$4,"DD/MM/AAAA")) *('ROTAS E FAMILIAS'!$N$5:$N$1015<>"") ), ROWS($A$5:$A10)-MATCH($B10,$B$5:$B10,0)+1 ), "" )} | FM5: {=IFERROR( INDEX( _xlfn._xlws.FILTER( 'ROTAS E FAMILIAS'!$C$5:$C$1015, (TEXT('ROTAS E FAMILIAS'!$E$5:$E$1015,"DD/MM/AAAA")=TEXT(EI$4,"DD/MM/AAAA")) *('ROTAS E FAMILIAS'!$N$5:$N$1015<>"") ), ROWS($A$5:$A10)-MATCH($B10,$B$5:$B10,0)+1 ), "" )} | FN5: {=IFERROR( INDEX( _xlfn._xlws.FILTER( 'ROTAS E FAMILIAS'!$C$5:$C$1015, (TEXT('ROTAS E FAMILIAS'!$E$5:$E$1015,"DD/MM/AAAA")=TEXT(EI$4,"DD/MM/AAAA")) *('ROTAS E FAMILIAS'!$N$5:$N$1015<>"") ), ROWS($A$5:$A10)-MATCH($B10,$B$5:$B10,0)+1 ), "" )} | FO5: {=IFERROR( INDEX( _xlfn._xlws.FILTER( 'ROTAS E FAMILIAS'!$C$5:$C$1015, (TEXT('ROTAS E FAMILIAS'!$E$5:$E$1015,"DD/MM/AAAA")=TEXT(EI$4,"DD/MM/AAAA")) *('ROTAS E FAMILIAS'!$N$5:$N$1015<>"") ), ROWS($A$5:$A10)-MATCH($B10,$B$5:$B10,0)+1 ), "" )} | FP5: {=IFERROR( INDEX( _xlfn._xlws.FILTER( 'ROTAS E FAMILIAS'!$C$5:$C$1015, (TEXT('ROTAS E FAMILIAS'!$E$5:$E$1015,"DD/MM/AAAA")=TEXT(EI$4,"DD/MM/AAAA")) *('ROTAS E FAMILIAS'!$N$5:$N$1015<>"") ), ROWS($A$5:$A9)-MATCH($B9,$B$5:$B9,0)+1 ), "" )} | FQ5: {=IFERROR( INDEX( _xlfn._xlws.FILTER( 'ROTAS E FAMILIAS'!$C$5:$C$1015, (TEXT('ROTAS E FAMILIAS'!$E$5:$E$1015,"DD/MM/AAAA")=TEXT(EI$4,"DD/MM/AAAA")) *('ROTAS E FAMILIAS'!$N$5:$N$1015<>"") ), ROWS($A$5:$A9)-MATCH($B9,$B$5:$B9,0)+1 ), "" )} | FR5: {=IFERROR( INDEX( _xlfn._xlws.FILTER( 'ROTAS E FAMILIAS'!$C$5:$C$1015, (TEXT('ROTAS E FAMILIAS'!$E$5:$E$1015,"DD/MM/AAAA")=TEXT(EI$4,"DD/MM/AAAA")) *('ROTAS E FAMILIAS'!$N$5:$N$1015<>"") ), ROWS($A$5:$A9)-MATCH($B9,$B$5:$B9,0)+1 ), "" )} | FS5: {=IFERROR( INDEX( _xlfn._xlws.FILTER( 'ROTAS E FAMILIAS'!$C$5:$C$1015, (TEXT('ROTAS E FAMILIAS'!$E$5:$E$1015,"DD/MM/AAAA")=TEXT(EI$4,"DD/MM/AAAA")) *('ROTAS E FAMILIAS'!$N$5:$N$1015<>"") ), ROWS($A$5:$A9)-MATCH($B9,$B$5:$B9,0)+1 ), "" )} | FT5: {=IFERROR( INDEX( _xlfn._xlws.FILTER( 'ROTAS E FAMILIAS'!$C$5:$C$1015, (TEXT('ROTAS E FAMILIAS'!$E$5:$E$1015,"DD/MM/AAAA")=TEXT(EI$4,"DD/MM/AAAA")) *('ROTAS E FAMILIAS'!$N$5:$N$1015<>"") ), ROWS($A$5:$A9)-MATCH($B9,$B$5:$B9,0)+1 ), "" )} | FU5: {=IFERROR( INDEX( _xlfn._xlws.FILTER( 'ROTAS E FAMILIAS'!$C$5:$C$1015, (TEXT('ROTAS E FAMILIAS'!$E$5:$E$1015,"DD/MM/AAAA")=TEXT(EI$4,"DD/MM/AAAA")) *('ROTAS E FAMILIAS'!$N$5:$N$1015<>"") ), ROWS($A$5:$A9)-MATCH($B9,$B$5:$B9,0)+1 ), "" )} | FV5: {=IFERROR( INDEX( _xlfn._xlws.FILTER( 'ROTAS E FAMILIAS'!$C$5:$C$1015, (TEXT('ROTAS E FAMILIAS'!$E$5:$E$1015,"DD/MM/AAAA")=TEXT(EI$4,"DD/MM/AAAA")) *('ROTAS E FAMILIAS'!$N$5:$N$1015<>"") ), ROWS($A$5:$A9)-MATCH($B9,$B$5:$B9,0)+1 ), "" )}
B6: Teste CG | C6: 2 - Preparo | D6: 3° Turno | M6: NIPAGIN METILPARABENO NEO-52452026/ 78452026 - D8-20/05 | T6: 410187 - PALMITATO DE CETILA CRODAMOL CP NEO | Lotes: 93122026 | D+8: 28/05/2026 | U6: 422223 - ACIDO ESTEARICO NF | Lotes: 95122026 | D+8: 30/05/2026 | V6: 465382 - BESILATO DE LEVANLODIPINO HEMIPENTAID 1 | Lotes: 107142026 / 107152026 / 107162026 / 107132026 | D+8: 02/06/2026 | W6: 474298 - PROPILENOGLICOL | Lotes: 104322026 | D+8: 02/06/2026 | X6: 425403 - GLICEROL | Lotes: 94532026 / 94552026 / 94542026 / 94562026 | D+8: 21/05/2026/ 409968 - GLICERINA BI DESTILADA NEO | Lotes: QA - 83952026 | D+8: 06/06/2026 | AA6: 474189 - LOSARTANA POTASSICA 5 | Lotes: 81102026 / 81112026 / 81122026 / 81142026 / 81152026/ 81162026/ 81172026/ 81182026 | D+8: 05/06/2026 | AB6: 425466 - E CROSCARMELOSE SODI-AC.DI.SOL MTC | Lotes: 221232025 | D+8: 06/06/2026 | AC6: 410452 - NISTATINA GEN NEO | Lotes: 104172026 / 104142026 / 104152026 / 104162026 / 104192026 | D+8: 10/06/2026 | AD6: 410489 - ESTEARIL FUMARATO DE SODIO PRUV | Lotes: 109182026 | D+8: 11/06/2026 | AE6: 458277 - DESOGESTREL MICRONIZADO | Lotes: 0191982020 | D+8: 18/06/2026 | AI6: 460878 - MUCATO ISOMETEPTENO | Lotes: 84932026/ 84132026 | D+8: 12/06/2026 | AJ6: 410049 - SORBITOL NEO | Lotes: 46852026 / 27222026 | D+8: 12/06/2026 | AK6: 459987 - HPMC K100 2208 | Lotes: 109322026 | D+8: 18/06/2026/ 442832 - HPMC K100 LV | Lotes: 119412026 | D+8: 24/06/2026 | AL6: 464152 - AZITROMICINA DIHIDRATADA | Lotes: 115172026 / 115192026 / 115192026 | D+8: 18/06/2026 | AO6: 414310- ALCOOL ETILICO 96GL NEO | Lotes: 125882026 | AP6: 465170 - DIPIRONA SODICA 1 | Lotes: 47012026 / 46972026/ 46952026 | D+8: 20/06/2026 | AQ6: 410046 - SACARINA SODICA NEO | Lotes: 115992026 | D+8: 23/06/2026 | AR6: 464199 - VALSARTANA QF | Lotes: 107552026 / 107562026/ 107572026/ 165122025/ 165152026/ 262622025 / 262632025 / 262642025/ 262652025 | D+8: 23/06/2026 | AS6: 474229 - DIMENIDRINATO TK | Lotes: 264732025 | D+8: 24/06/2026 | AV6: 438009 - A OCTOCRILENO MTCD | Lotes: 122332026 | D+8: 25/06/2026 | AW6: 410047 - HIDROXIPROPILCELULOSE KLUCEL LF NEO | Lotes: 103832026 | D+8: 26/06/2026 | AX6: 465266 - CITRATO DE COLINA 1 | Lotes: 27502026_HT 30 | D+8: 27/06/2026 | AY6: 410452 - NISTATINA GEN NEO | Lotes: 120012026 / 120022026 / 120032026 / 120042026 / 120052026 / 120062026 / 120082026| D+8: 04/07/2026 | BA6: {=IFERROR( INDEX( _xlfn._xlws.FILTER( 'ROTAS E FAMILIAS'!$C$5:$C$1051, (TEXT('ROTAS E FAMILIAS'!$E$5:$E$1051,"DD/MM/AAAA")=TEXT(BA$4,"DD/MM/AAAA")) *('ROTAS E FAMILIAS'!$L$5:$L$1051<>"") ), ROWS($A$5:$A6)-MATCH($B6,$B$5:$B6,0)+1 ), "" )} | BC6: 410081 - CREMOPHOR RH 40 BASF NEO | Lotes: QA - 80172026 | D+8: 07/07/2026 | BD6: 465148 - NITROFURANTOINA QF | Lotes: 116832026 / 116822026 | D+8: 08/07/2026 | BE6: 409966 - ALCOOL ISOPROPILICO ISOPROPANOL NEO | Lotes: QA - 122782026 | D+8: 03/07/2026 | BF6: 464152 - AZITROMICINA DIHIDRATADA | Lotes: 127352026 / 127362026/ 127372026 / 127382026 | D+8: 10/07/2026 | BG6: 471198 - BISACODIL QF| Lotes: 109132026 | BJ6: 472567 - CARBOMER 974P | Lotes: 86562026 | D+8: 17/06/2026 / 464476 - CARBOMERO 980 | Lotes: 132752026 | D+8: 16/07/2026 | BK6: 474231 - EXTRATO SENE ACIDO 45% QF 2 | Lotes:0281732025| D+8: 02/06/2026 | BL6: 463057 - DIPIRONA MONOIDRATADA | Lotes: 3532026/ 465170 -dipirona sodica 1 004692026 | D+8: 14/07/2026 | BM6: 442832 - HPMC K100 LV | Lotes: 133712026 / 133702026 | D+8: 17/07/2026 | BQ6: 457350 - LEVOMENTOL | Lotes: 101792026 / 101802026 / 101872026 / 108112026 / | D+8: 16/07/2026 422303 - MENTOL USP F | Lotes: 132722026 | D+8: 24/07/2026 425446 - E D,L MENTOL MTC | Lotes: 147552026 | D+8: 28/07/2026 | BR6: 476605 - BILASTINA TK | Lotes: 140852026 / 140852026 | D+8: 21/07/2026 | BS6: 474189 - LOSARTANA POTASSICA 5 | Lotes: 85092026/84962026/85042026/85042026/84032026/85112026/85102026 D+8: 22/07/2026 | BT6: 410351 - NIMESULIDA NEO | Lotes: 112332026 / 161422025 / 161432025 / 239732025/209752026 | D+8: 25/07/2026 | BV6: {=IFERROR( INDEX( _xlfn._xlws.FILTER( 'ROTAS E FAMILIAS'!$C$5:$C$1051, (TEXT('ROTAS E FAMILIAS'!$E$5:$E$1051,"DD/MM/AAAA")=TEXT(BV$4,"DD/MM/AAAA")) *('ROTAS E FAMILIAS'!$L$5:$L$1051<>"") ), ROWS($A$5:$A6)-MATCH($B6,$B$5:$B6,0)+1 ), "" )} | BX6: {=IFERROR( INDEX( _xlfn._xlws.FILTER( 'ROTAS E FAMILIAS'!$C$5:$C$1051, (TEXT('ROTAS E FAMILIAS'!$E$5:$E$1051,"DD/MM/AAAA")=TEXT(BX$4,"DD/MM/AAAA")) *('ROTAS E FAMILIAS'!$L$5:$L$1051<>"") ), ROWS($A$5:$A6)-MATCH($B6,$B$5:$B6,0)+1 ), "" )} | BZ6: 410433 - CLORIDRATO DE TRAMADOL A2 NEO | Lotes: 147372026 | D+8: 29/07/2026 | CA6: 460878 - MUCATO ISOMETEPTENO | Lotes: 131692026/149202026 | D+8: 04/08/2026 | CB6: 463057 - DIPIRONA MONOIDRATADA | Lotes: completo:122172026 | D+8: 29/07/2026 | CE6: 410289 - FUROSEMIDA | Lotes: 71452026 / 71462026 | CF6: 414310 - ALCOOL ETILICO 96GL NEO | Lotes: 159712026 | CG6: 410511 - ALCOOL POLIVINILICO PEG TALCO NEO | Lotes: 150172026 | D+8: 07/08/2026 | CH6: 422376 - CLORIDRATO NAFAZOLINA | Lotes: 23662026/ 67512026/ 67572026/ 67582026/ 109112026/ 109122026 | D+8: 06/08/2026 | CI6: 410507 - IBUPROFENO DC85 NEO | Lotes: 41372025 / 41352025 | D+8: 06/08/2026 | CL6: 422463 - TEREBINTINA | Lotes: 112026 / 0001932026 | D+8: 22/07/2026 | CM6: 422463 - TEREBINTINA | Lotes: 146332026/ 156142026 | D+8: 08/08/2026 | CN6: 409965 - ALCOOL ETILICO 99 GL ABSOLUTO ANIDRO NEO | Lotes: 162022026 | CO6: 464476 - CARBOMERO 980 | Lotes: 157292026 | D+8: 13/08/2026 | CP6: 465266 - CITRATO DE COLINA 1 | Lotes: 2952026 | D+8: 12/08/2026 | CS6: 410300 - CLORIDRATO DE AMITRIPTILINA C1 NEO | Lotes: 26822023 / 26842023 / 26852023 / 26862023 / 49762023 | D+8: 15/08/2026 | CT6: 439881 - E ZEINA MTC | Lotes: 163512026 | D+8: 19/08/2026 | CU6: 472128 - OLMESARTANA MEDOXOMILA NP | Lotes: 163452026 | D+8: 21/08/2026 | CV6: 465338- IBUPROFENO GRD70- 6662026/20942025 - ITA | CZ6: 474189 - LOSARTANA POTASSICA 5 | Lotes: 85122026 / 85082026 / 85062026 / 85072026 | D+8: 22/08/2026 | DA6: 410013 - ESTEARATO DE MAGNESIO NEO | Lotes: QA - 170982026 | D+8: 22/08/2026 | DB6: 463057 - DIPIRONA MONOIDRATADA | Lotes: COMPLETO: 150962026/ 145982026 /QA: 146032026 / 151712026 /151742026/ 150872026/ 146072026/ 146052026/ / 133582026 | D+8: 21/08/2026 | Particularidades: Polícia Federal | DG6: 471198 - BISACODIL QF NEO | Lotes: 149652026 | D+8: 27/08/2026 | Particularidades: PF - repouso 24 horas | DH6: 465269 - CLORIDRATO DE BENZIDAMINA 2 C1 | Lotes: 87692026-HT 30 | D+8: 25/05/2026 | Particularidades: Portaria 344 | DI6: 465098 - DIOSMINA QF2 | Lotes: 146252026 | D+8: 28/08/2026 | DK6: 481307 - TROXERRUTINA 3 - 13162026/ 15152026/ 14762026 - ITA (oxido de etileno) | DN6: 459975 - OLEO RICINO HIDROGENADO PEG 40 | Lotes: 21582026 | D+8: 31/08/2026 - PROBLEMAS NO MÉTODO | DO6: 444795 - CLORIDRATO DULOXETINA PELLET C1 | Lotes: 176962026 / 176972026 / 176982026 / 176992026 | D+8: 03/09/2026 | Particularidades: Portaria 344 | DP6: 425421 - E ALCOOL CETOESTEARILICO NF MTC | Lotes: 152472026 / 152482026 | D+8: 01/09/2026 | DQ6: 410344 - CLORIDRATO DE CIPROFLOXACINO NEO | Lotes: 118532025 / 118542025 | D+8: 04/09/2026 | DR6: 410058 - UNIOX C POLAWAX/LIPOWAX CT NEO | Lotes: 178242026 / 178252026 / 178232026 | D+8: 05/09/2026 | DV6: 449757 - CLORIDRATO DE TRAMADOL A-2 | Lotes: 185802026 | Particularidades: Portaria 344 | DW6: 410351 - NIMESULIDA NEO | Lotes: 239742025 / 239772025 / 239782025 | D+8: 10/09/2026 | DX6: 465082 - GLICLAZIDA 2 | Lotes: 182752026/ 182742026 | D+8: 10/09/2026 | DY6: 422464 - TINIDAZOL | Lotes: 188142026 | D+8: 16/09/2026 | EB6: 417654 - EXTR SECO PASSIFLORA INCARNATA 4-6% FLAV | Lotes: 156092026 / 156102026 | D+8: 20/08/2026 | Particularidades: Pesticidas/ Aflatoxinas - EM TERCEIRO | EC6: 414310 - ALCOOL ETILICO 96GL NEO - 198262026 | ED6: 410045 - PROPILENOGLICOL NEO | Lotes: 121532026 / 104312026 | D+8: 19/09/2026 | EE6: 425462 - E HIDROXIETILCELULOSE 250HHX MTC | Lotes: 138122026 | D+8: 22/09/2026 | EI6: 465338 - IBUPROFENO GR70 2 | Lotes: 165172026 | D+8: 22/09/2026 | EJ6: 410334 - BROMAZEPAM B1 NEO | Lotes: 175952026 | D+8: 24/09/2026 | Particularidades: Portaria 344/ Ponto de fusão 24 horas | EK6: 438009 - A OCTOCRILENO MTCD | Lotes: 195972026 | D+8: 25/09/2026 | EL6: 463057 - DIPIRONA MONOIDRATADA | Lotes: COMPLETO: 132002026/ | D+8: 29/09/2026 | Particularidades: Polícia Federal | EM6: 457350 - LEVOMENTOL | Lotes: 174532026/ 174542026 | Particularidades: PF - repouso 16 horas | EP6: 409966 - ALCOOL ISOPROPILICO ISOPROPANOL NEO | Lotes: QA - 202872026/ 207932026 | D+8: 10/09/2026 | Particularidades: Inflamável/ Polícia Civil | EQ6: 465396 - SUCCINATO DE SOLIFENACINA 1 | Lotes: 179912026 | D+8: 30/09/2026 | ER6: 465148 - NITROFURANTOINA QF | Lotes: 192142026|/ 192152026 D+8: 02/10/2026 | ES6: 409968 - GLICERINA BI DESTILADA NEO | Lotes: QA - 112472026 | D+8: 07/10/2026 | Particularidades: Polícia Civil/ 425403 - GLICEROL | Lotes: 134452026 | D+8: 09/10/2026 | Particularidades: Polícia Civil | ET6: 410452 - NISTATINA GEN NEO | Lotes: 208932026 / 208942026 / 208952026 / 208962026 / 208972026 / 208982026 / 208992026 | D+8: 07/10/2026 | EV6: 410047 - HIDROXIPROPILCELULOSE KLUCEL LF NEO | Lotes: 194822026 | D+8: 06/10/2026 | Particularidades: Sílica - EM TERCEIRO | FA6: {=IFERROR( INDEX( _xlfn._xlws.FILTER( 'ROTAS E FAMILIAS'!$C$5:$C$1015, (TEXT('ROTAS E FAMILIAS'!$E$5:$E$1015,"DD/MM/AAAA")=TEXT(EI$4,"DD/MM/AAAA")) *('ROTAS E FAMILIAS'!$N$5:$N$1015<>"") ), ROWS($A$5:$A11)-MATCH($B11,$B$5:$B11,0)+1 ), "" )} | FB6: {=IFERROR( INDEX( _xlfn._xlws.FILTER( 'ROTAS E FAMILIAS'!$C$5:$C$1015, (TEXT('ROTAS E FAMILIAS'!$E$5:$E$1015,"DD/MM/AAAA")=TEXT(EI$4,"DD/MM/AAAA")) *('ROTAS E FAMILIAS'!$N$5:$N$1015<>"") ), ROWS($A$5:$A11)-MATCH($B11,$B$5:$B11,0)+1 ), "" )} | FC6: {=IFERROR( INDEX( _xlfn._xlws.FILTER( 'ROTAS E FAMILIAS'!$C$5:$C$1015, (TEXT('ROTAS E FAMILIAS'!$E$5:$E$1015,"DD/MM/AAAA")=TEXT(EI$4,"DD/MM/AAAA")) *('ROTAS E FAMILIAS'!$N$5:$N$1015<>"") ), ROWS($A$5:$A11)-MATCH($B11,$B$5:$B11,0)+1 ), "" )} | FD6: {=IFERROR( INDEX( _xlfn._xlws.FILTER( 'ROTAS E FAMILIAS'!$C$5:$C$1015, (TEXT('ROTAS E FAMILIAS'!$E$5:$E$1015,"DD/MM/AAAA")=TEXT(EI$4,"DD/MM/AAAA")) *('ROTAS E FAMILIAS'!$N$5:$N$1015<>"") ), ROWS($A$5:$A11)-MATCH($B11,$B$5:$B11,0)+1 ), "" )} | FE6: {=IFERROR( INDEX( _xlfn._xlws.FILTER( 'ROTAS E FAMILIAS'!$C$5:$C$1015, (TEXT('ROTAS E FAMILIAS'!$E$5:$E$1015,"DD/MM/AAAA")=TEXT(EI$4,"DD/MM/AAAA")) *('ROTAS E FAMILIAS'!$N$5:$N$1015<>"") ), ROWS($A$5:$A11)-MATCH($B11,$B$5:$B11,0)+1 ), "" )} | FF6: {=IFERROR( INDEX( _xlfn._xlws.FILTER( 'ROTAS E FAMILIAS'!$C$5:$C$1015, (TEXT('ROTAS E FAMILIAS'!$E$5:$E$1015,"DD/MM/AAAA")=TEXT(EI$4,"DD/MM/AAAA")) *('ROTAS E FAMILIAS'!$N$5:$N$1015<>"") ), ROWS($A$5:$A11)-MATCH($B11,$B$5:$B11,0)+1 ), "" )} | FG6: {=IFERROR( INDEX( _xlfn._xlws.FILTER( 'ROTAS E FAMILIAS'!$C$5:$C$1015, (TEXT('ROTAS E FAMILIAS'!$E$5:$E$1015,"DD/MM/AAAA")=TEXT(EI$4,"DD/MM/AAAA")) *('ROTAS E FAMILIAS'!$N$5:$N$1015<>"") ), ROWS($A$5:$A11)-MATCH($B11,$B$5:$B11,0)+1 ), "" )} | FH6: {=IFERROR( INDEX( _xlfn._xlws.FILTER( 'ROTAS E FAMILIAS'!$C$5:$C$1015, (TEXT('ROTAS E FAMILIAS'!$E$5:$E$1015,"DD/MM/AAAA")=TEXT(EI$4,"DD/MM/AAAA")) *('ROTAS E FAMILIAS'!$N$5:$N$1015<>"") ), ROWS($A$5:$A11)-MATCH($B11,$B$5:$B11,0)+1 ), "" )} | FI6: {=IFERROR( INDEX( _xlfn._xlws.FILTER( 'ROTAS E FAMILIAS'!$C$5:$C$1015, (TEXT('ROTAS E FAMILIAS'!$E$5:$E$1015,"DD/MM/AAAA")=TEXT(EI$4,"DD/MM/AAAA")) *('ROTAS E FAMILIAS'!$N$5:$N$1015<>"") ), ROWS($A$5:$A11)-MATCH($B11,$B$5:$B11,0)+1 ), "" )} | FJ6: {=IFERROR( INDEX( _xlfn._xlws.FILTER( 'ROTAS E FAMILIAS'!$C$5:$C$1015, (TEXT('ROTAS E FAMILIAS'!$E$5:$E$1015,"DD/MM/AAAA")=TEXT(EI$4,"DD/MM/AAAA")) *('ROTAS E FAMILIAS'!$N$5:$N$1015<>"") ), ROWS($A$5:$A11)-MATCH($B11,$B$5:$B11,0)+1 ), "" )} | FK6: {=IFERROR( INDEX( _xlfn._xlws.FILTER( 'ROTAS E FAMILIAS'!$C$5:$C$1015, (TEXT('ROTAS E FAMILIAS'!$E$5:$E$1015,"DD/MM/AAAA")=TEXT(EI$4,"DD/MM/AAAA")) *('ROTAS E FAMILIAS'!$N$5:$N$1015<>"") ), ROWS($A$5:$A11)-MATCH($B11,$B$5:$B11,0)+1 ), "" )} | FL6: {=IFERROR( INDEX( _xlfn._xlws.FILTER( 'ROTAS E FAMILIAS'!$C$5:$C$1015, (TEXT('ROTAS E FAMILIAS'!$E$5:$E$1015,"DD/MM/AAAA")=TEXT(EI$4,"DD/MM/AAAA")) *('ROTAS E FAMILIAS'!$N$5:$N$1015<>"") ), ROWS($A$5:$A11)-MATCH($B11,$B$5:$B11,0)+1 ), "" )} | FM6: {=IFERROR( INDEX( _xlfn._xlws.FILTER( 'ROTAS E FAMILIAS'!$C$5:$C$1015, (TEXT('ROTAS E FAMILIAS'!$E$5:$E$1015,"DD/MM/AAAA")=TEXT(EI$4,"DD/MM/AAAA")) *('ROTAS E FAMILIAS'!$N$5:$N$1015<>"") ), ROWS($A$5:$A11)-MATCH($B11,$B$5:$B11,0)+1 ), "" )} | FN6: {=IFERROR( INDEX( _xlfn._xlws.FILTER( 'ROTAS E FAMILIAS'!$C$5:$C$1015, (TEXT('ROTAS E FAMILIAS'!$E$5:$E$1015,"DD/MM/AAAA")=TEXT(EI$4,"DD/MM/AAAA")) *('ROTAS E FAMILIAS'!$N$5:$N$1015<>"") ), ROWS($A$5:$A11)-MATCH($B11,$B$5:$B11,0)+1 ), "" )} | FO6: {=IFERROR( INDEX( _xlfn._xlws.FILTER( 'ROTAS E FAMILIAS'!$C$5:$C$1015, (TEXT('ROTAS E FAMILIAS'!$E$5:$E$1015,"DD/MM/AAAA")=TEXT(EI$4,"DD/MM/AAAA")) *('ROTAS E FAMILIAS'!$N$5:$N$1015<>"") ), ROWS($A$5:$A11)-MATCH($B11,$B$5:$B11,0)+1 ), "" )} | FP6: {=IFERROR( INDEX( _xlfn._xlws.FILTER( 'ROTAS E FAMILIAS'!$C$5:$C$1015, (TEXT('ROTAS E FAMILIAS'!$E$5:$E$1015,"DD/MM/AAAA")=TEXT(EI$4,"DD/MM/AAAA")) *('ROTAS E FAMILIAS'!$N$5:$N$1015<>"") ), ROWS($A$5:$A10)-MATCH($B10,$B$5:$B10,0)+1 ), "" )} | FQ6: {=IFERROR( INDEX( _xlfn._xlws.FILTER( 'ROTAS E FAMILIAS'!$C$5:$C$1015, (TEXT('ROTAS E FAMILIAS'!$E$5:$E$1015,"DD/MM/AAAA")=TEXT(EI$4,"DD/MM/AAAA")) *('ROTAS E FAMILIAS'!$N$5:$N$1015<>"") ), ROWS($A$5:$A10)-MATCH($B10,$B$5:$B10,0)+1 ), "" )} | FR6: {=IFERROR( INDEX( _xlfn._xlws.FILTER( 'ROTAS E FAMILIAS'!$C$5:$C$1015, (TEXT('ROTAS E FAMILIAS'!$E$5:$E$1015,"DD/MM/AAAA")=TEXT(EI$4,"DD/MM/AAAA")) *('ROTAS E FAMILIAS'!$N$5:$N$1015<>"") ), ROWS($A$5:$A10)-MATCH($B10,$B$5:$B10,0)+1 ), "" )} | FS6: {=IFERROR( INDEX( _xlfn._xlws.FILTER( 'ROTAS E FAMILIAS'!$C$5:$C$1015, (TEXT('ROTAS E FAMILIAS'!$E$5:$E$1015,"DD/MM/AAAA")=TEXT(EI$4,"DD/MM/AAAA")) *('ROTAS E FAMILIAS'!$N$5:$N$1015<>"") ), ROWS($A$5:$A10)-MATCH($B10,$B$5:$B10,0)+1 ), "" )} | FT6: {=IFERROR( INDEX( _xlfn._xlws.FILTER( 'ROTAS E FAMILIAS'!$C$5:$C$1015, (TEXT('ROTAS E FAMILIAS'!$E$5:$E$1015,"DD/MM/AAAA")=TEXT(EI$4,"DD/MM/AAAA")) *('ROTAS E FAMILIAS'!$N$5:$N$1015<>"") ), ROWS($A$5:$A10)-MATCH($B10,$B$5:$B10,0)+1 ), "" )} | FU6: {=IFERROR( INDEX( _xlfn._xlws.FILTER( 'ROTAS E FAMILIAS'!$C$5:$C$1015, (TEXT('ROTAS E FAMILIAS'!$E$5:$E$1015,"DD/MM/AAAA")=TEXT(EI$4,"DD/MM/AAAA")) *('ROTAS E FAMILIAS'!$N$5:$N$1015<>"") ), ROWS($A$5:$A10)-MATCH($B10,$B$5:$B10,0)+1 ), "" )} | FV6: {=IFERROR( INDEX( _xlfn._xlws.FILTER( 'ROTAS E FAMILIAS'!$C$5:$C$1015, (TEXT('ROTAS E FAMILIAS'!$E$5:$E$1015,"DD/MM/AAAA")=TEXT(EI$4,"DD/MM/AAAA")) *('ROTAS E FAMILIAS'!$N$5:$N$1015<>"") ), ROWS($A$5:$A10)-MATCH($B10,$B$5:$B10,0)+1 ), "" )}
B7: Teste CG | C7: 3 - Preparo | D7: 3° Turno | M7: PROPILENOGLICOL LPR-95952026 - D8-20/05/ E PROPILENOGLICOL MTC-86512026/ 86522026 - D8-22/05 | AB7: 481852 - TINT MATRICARIA CHAMOMILLA L| Lotes: 0087732025 | AL7: VERIFICAR ALCOOL DO DIA 16 | BA7: {=IFERROR( INDEX( _xlfn._xlws.FILTER( 'ROTAS E FAMILIAS'!$C$5:$C$1051, (TEXT('ROTAS E FAMILIAS'!$E$5:$E$1051,"DD/MM/AAAA")=TEXT(BA$4,"DD/MM/AAAA")) *('ROTAS E FAMILIAS'!$L$5:$L$1051<>"") ), ROWS($A$5:$A7)-MATCH($B7,$B$5:$B7,0)+1 ), "" )} | BC7: 425435 - E CETIL ESTER WAX/ CRODAMOL SS MTC | Lotes: 93222026 | D+8: 02/07/2026 | BJ7: 472567 - CARBOMER 974P | Lotes: 131712026 | D+8: 17/06/2026 / 464476 - CARBOMERO 980 | Lotes: 132752026 | D+8: 16/07/2026 | BM7: 442832 - HPMC K100 LV | Lotes: 133712026 / 133702026 | D+8: 17/07/2026 | BS7: 474189 - LOSARTANA POTASSICA 5 | Lotes: 85092026/84962026/85042026/85042026/84032026/85112026/85102026 D+8: 22/07/2026 | BT7: 463057 - DIPIRONA MONOIDRATADA | Lotes: 0122152026 | D+8 24/08/2025 | BV7: {=IFERROR( INDEX( _xlfn._xlws.FILTER( 'ROTAS E FAMILIAS'!$C$5:$C$1051, (TEXT('ROTAS E FAMILIAS'!$E$5:$E$1051,"DD/MM/AAAA")=TEXT(BV$4,"DD/MM/AAAA")) *('ROTAS E FAMILIAS'!$L$5:$L$1051<>"") ), ROWS($A$5:$A7)-MATCH($B7,$B$5:$B7,0)+1 ), "" )} | BW7: 475789 - ORLISTATE 2 | Lotes: 85472026 / 85482026 | D+8: 18/07/2026 | BX7: 410037 - PROPILPARABENO | Lotes: 104292026 | D+8: 23/07/2026 | CA7: {=IFERROR( INDEX( _xlfn._xlws.FILTER( 'ROTAS E FAMILIAS'!$C$5:$C$1051, (TEXT('ROTAS E FAMILIAS'!$E$5:$E$1051,"DD/MM/AAAA")=TEXT(CA$4,"DD/MM/AAAA")) *('ROTAS E FAMILIAS'!$L$5:$L$1051<>"") ), ROWS($A$5:$A7)-MATCH($B7,$B$5:$B7,0)+1 ), "" )} | CC7: {=IFERROR( INDEX( _xlfn._xlws.FILTER( 'ROTAS E FAMILIAS'!$C$5:$C$1051, (TEXT('ROTAS E FAMILIAS'!$E$5:$E$1051,"DD/MM/AAAA")=TEXT(CC$4,"DD/MM/AAAA")) *('ROTAS E FAMILIAS'!$L$5:$L$1051<>"") ), ROWS($A$5:$A7)-MATCH($B7,$B$5:$B7,0)+1 ), "" )} | CG7: {=IFERROR( INDEX( _xlfn._xlws.FILTER( 'ROTAS E FAMILIAS'!$C$5:$C$1051, (TEXT('ROTAS E FAMILIAS'!$E$5:$E$1051,"DD/MM/AAAA")=TEXT(CG$4,"DD/MM/AAAA")) *('ROTAS E FAMILIAS'!$L$5:$L$1051<>"") ), ROWS($A$5:$A7)-MATCH($B7,$B$5:$B7,0)+1 ), "" )} | CH7: {=IFERROR( INDEX( _xlfn._xlws.FILTER( 'ROTAS E FAMILIAS'!$C$5:$C$1051, (TEXT('ROTAS E FAMILIAS'!$E$5:$E$1051,"DD/MM/AAAA")=TEXT(CH$4,"DD/MM/AAAA")) *('ROTAS E FAMILIAS'!$L$5:$L$1051<>"") ), ROWS($A$5:$A7)-MATCH($B7,$B$5:$B7,0)+1 ), "" )} | DA7: 414310 - ALCOOL ETILICO 96GL NEO | Lotes: 175432026 | EL7: BATOQUE/TAMPA | FA7: {=IFERROR( INDEX( _xlfn._xlws.FILTER( 'ROTAS E FAMILIAS'!$C$5:$C$1015, (TEXT('ROTAS E FAMILIAS'!$E$5:$E$1015,"DD/MM/AAAA")=TEXT(EI$4,"DD/MM/AAAA")) *('ROTAS E FAMILIAS'!$N$5:$N$1015<>"") ), ROWS($A$5:$A12)-MATCH($B12,$B$5:$B12,0)+1 ), "" )} | FB7: {=IFERROR( INDEX( _xlfn._xlws.FILTER( 'ROTAS E FAMILIAS'!$C$5:$C$1015, (TEXT('ROTAS E FAMILIAS'!$E$5:$E$1015,"DD/MM/AAAA")=TEXT(EI$4,"DD/MM/AAAA")) *('ROTAS E FAMILIAS'!$N$5:$N$1015<>"") ), ROWS($A$5:$A12)-MATCH($B12,$B$5:$B12,0)+1 ), "" )} | FC7: {=IFERROR( INDEX( _xlfn._xlws.FILTER( 'ROTAS E FAMILIAS'!$C$5:$C$1015, (TEXT('ROTAS E FAMILIAS'!$E$5:$E$1015,"DD/MM/AAAA")=TEXT(EI$4,"DD/MM/AAAA")) *('ROTAS E FAMILIAS'!$N$5:$N$1015<>"") ), ROWS($A$5:$A12)-MATCH($B12,$B$5:$B12,0)+1 ), "" )} | FD7: {=IFERROR( INDEX( _xlfn._xlws.FILTER( 'ROTAS E FAMILIAS'!$C$5:$C$1015, (TEXT('ROTAS E FAMILIAS'!$E$5:$E$1015,"DD/MM/AAAA")=TEXT(EI$4,"DD/MM/AAAA")) *('ROTAS E FAMILIAS'!$N$5:$N$1015<>"") ), ROWS($A$5:$A12)-MATCH($B12,$B$5:$B12,0)+1 ), "" )} | FE7: {=IFERROR( INDEX( _xlfn._xlws.FILTER( 'ROTAS E FAMILIAS'!$C$5:$C$1015, (TEXT('ROTAS E FAMILIAS'!$E$5:$E$1015,"DD/MM/AAAA")=TEXT(EI$4,"DD/MM/AAAA")) *('ROTAS E FAMILIAS'!$N$5:$N$1015<>"") ), ROWS($A$5:$A12)-MATCH($B12,$B$5:$B12,0)+1 ), "" )} | FF7: {=IFERROR( INDEX( _xlfn._xlws.FILTER( 'ROTAS E FAMILIAS'!$C$5:$C$1015, (TEXT('ROTAS E FAMILIAS'!$E$5:$E$1015,"DD/MM/AAAA")=TEXT(EI$4,"DD/MM/AAAA")) *('ROTAS E FAMILIAS'!$N$5:$N$1015<>"") ), ROWS($A$5:$A12)-MATCH($B12,$B$5:$B12,0)+1 ), "" )} | FG7: {=IFERROR( INDEX( _xlfn._xlws.FILTER( 'ROTAS E FAMILIAS'!$C$5:$C$1015, (TEXT('ROTAS E FAMILIAS'!$E$5:$E$1015,"DD/MM/AAAA")=TEXT(EI$4,"DD/MM/AAAA")) *('ROTAS E FAMILIAS'!$N$5:$N$1015<>"") ), ROWS($A$5:$A12)-MATCH($B12,$B$5:$B12,0)+1 ), "" )} | FH7: {=IFERROR( INDEX( _xlfn._xlws.FILTER( 'ROTAS E FAMILIAS'!$C$5:$C$1015, (TEXT('ROTAS E FAMILIAS'!$E$5:$E$1015,"DD/MM/AAAA")=TEXT(EI$4,"DD/MM/AAAA")) *('ROTAS E FAMILIAS'!$N$5:$N$1015<>"") ), ROWS($A$5:$A12)-MATCH($B12,$B$5:$B12,0)+1 ), "" )} | FI7: {=IFERROR( INDEX( _xlfn._xlws.FILTER( 'ROTAS E FAMILIAS'!$C$5:$C$1015, (TEXT('ROTAS E FAMILIAS'!$E$5:$E$1015,"DD/MM/AAAA")=TEXT(EI$4,"DD/MM/AAAA")) *('ROTAS E FAMILIAS'!$N$5:$N$1015<>"") ), ROWS($A$5:$A12)-MATCH($B12,$B$5:$B12,0)+1 ), "" )} | FJ7: {=IFERROR( INDEX( _xlfn._xlws.FILTER( 'ROTAS E FAMILIAS'!$C$5:$C$1015, (TEXT('ROTAS E FAMILIAS'!$E$5:$E$1015,"DD/MM/AAAA")=TEXT(EI$4,"DD/MM/AAAA")) *('ROTAS E FAMILIAS'!$N$5:$N$1015<>"") ), ROWS($A$5:$A12)-MATCH($B12,$B$5:$B12,0)+1 ), "" )} | FK7: {=IFERROR( INDEX( _xlfn._xlws.FILTER( 'ROTAS E FAMILIAS'!$C$5:$C$1015, (TEXT('ROTAS E FAMILIAS'!$E$5:$E$1015,"DD/MM/AAAA")=TEXT(EI$4,"DD/MM/AAAA")) *('ROTAS E FAMILIAS'!$N$5:$N$1015<>"") ), ROWS($A$5:$A12)-MATCH($B12,$B$5:$B12,0)+1 ), "" )} | FL7: {=IFERROR( INDEX( _xlfn._xlws.FILTER( 'ROTAS E FAMILIAS'!$C$5:$C$1015, (TEXT('ROTAS E FAMILIAS'!$E$5:$E$1015,"DD/MM/AAAA")=TEXT(EI$4,"DD/MM/AAAA")) *('ROTAS E FAMILIAS'!$N$5:$N$1015<>"") ), ROWS($A$5:$A12)-MATCH($B12,$B$5:$B12,0)+1 ), "" )} | FM7: {=IFERROR( INDEX( _xlfn._xlws.FILTER( 'ROTAS E FAMILIAS'!$C$5:$C$1015, (TEXT('ROTAS E FAMILIAS'!$E$5:$E$1015,"DD/MM/AAAA")=TEXT(EI$4,"DD/MM/AAAA")) *('ROTAS E FAMILIAS'!$N$5:$N$1015<>"") ), ROWS($A$5:$A12)-MATCH($B12,$B$5:$B12,0)+1 ), "" )} | FN7: {=IFERROR( INDEX( _xlfn._xlws.FILTER( 'ROTAS E FAMILIAS'!$C$5:$C$1015, (TEXT('ROTAS E FAMILIAS'!$E$5:$E$1015,"DD/MM/AAAA")=TEXT(EI$4,"DD/MM/AAAA")) *('ROTAS E FAMILIAS'!$N$5:$N$1015<>"") ), ROWS($A$5:$A12)-MATCH($B12,$B$5:$B12,0)+1 ), "" )} | FO7: {=IFERROR( INDEX( _xlfn._xlws.FILTER( 'ROTAS E FAMILIAS'!$C$5:$C$1015, (TEXT('ROTAS E FAMILIAS'!$E$5:$E$1015,"DD/MM/AAAA")=TEXT(EI$4,"DD/MM/AAAA")) *('ROTAS E FAMILIAS'!$N$5:$N$1015<>"") ), ROWS($A$5:$A12)-MATCH($B12,$B$5:$B12,0)+1 ), "" )} | FP7: {=IFERROR( INDEX( _xlfn._xlws.FILTER( 'ROTAS E FAMILIAS'!$C$5:$C$1015, (TEXT('ROTAS E FAMILIAS'!$E$5:$E$1015,"DD/MM/AAAA")=TEXT(EI$4,"DD/MM/AAAA")) *('ROTAS E FAMILIAS'!$N$5:$N$1015<>"") ), ROWS($A$5:$A11)-MATCH($B11,$B$5:$B11,0)+1 ), "" )} | FQ7: {=IFERROR( INDEX( _xlfn._xlws.FILTER( 'ROTAS E FAMILIAS'!$C$5:$C$1015, (TEXT('ROTAS E FAMILIAS'!$E$5:$E$1015,"DD/MM/AAAA")=TEXT(EI$4,"DD/MM/AAAA")) *('ROTAS E FAMILIAS'!$N$5:$N$1015<>"") ), ROWS($A$5:$A11)-MATCH($B11,$B$5:$B11,0)+1 ), "" )} | FR7: {=IFERROR( INDEX( _xlfn._xlws.FILTER( 'ROTAS E FAMILIAS'!$C$5:$C$1015, (TEXT('ROTAS E FAMILIAS'!$E$5:$E$1015,"DD/MM/AAAA")=TEXT(EI$4,"DD/MM/AAAA")) *('ROTAS E FAMILIAS'!$N$5:$N$1015<>"") ), ROWS($A$5:$A11)-MATCH($B11,$B$5:$B11,0)+1 ), "" )} | FS7: {=IFERROR( INDEX( _xlfn._xlws.FILTER( 'ROTAS E FAMILIAS'!$C$5:$C$1015, (TEXT('ROTAS E FAMILIAS'!$E$5:$E$1015,"DD/MM/AAAA")=TEXT(EI$4,"DD/MM/AAAA")) *('ROTAS E FAMILIAS'!$N$5:$N$1015<>"") ), ROWS($A$5:$A11)-MATCH($B11,$B$5:$B11,0)+1 ), "" )} | FT7: {=IFERROR( INDEX( _xlfn._xlws.FILTER( 'ROTAS E FAMILIAS'!$C$5:$C$1015, (TEXT('ROTAS E FAMILIAS'!$E$5:$E$1015,"DD/MM/AAAA")=TEXT(EI$4,"DD/MM/AAAA")) *('ROTAS E FAMILIAS'!$N$5:$N$1015<>"") ), ROWS($A$5:$A11)-MATCH($B11,$B$5:$B11,0)+1 ), "" )} | FU7: {=IFERROR( INDEX( _xlfn._xlws.FILTER( 'ROTAS E FAMILIAS'!$C$5:$C$1015, (TEXT('ROTAS E FAMILIAS'!$E$5:$E$1015,"DD/MM/AAAA")=TEXT(EI$4,"DD/MM/AAAA")) *('ROTAS E FAMILIAS'!$N$5:$N$1015<>"") ), ROWS($A$5:$A11)-MATCH($B11,$B$5:$B11,0)+1 ), "" )} | FV7: {=IFERROR( INDEX( _xlfn._xlws.FILTER( 'ROTAS E FAMILIAS'!$C$5:$C$1015, (TEXT('ROTAS E FAMILIAS'!$E$5:$E$1015,"DD/MM/AAAA")=TEXT(EI$4,"DD/MM/AAAA")) *('ROTAS E FAMILIAS'!$N$5:$N$1015<>"") ), ROWS($A$5:$A11)-MATCH($B11,$B$5:$B11,0)+1 ), "" )}
B8: Teste CG | C8: 1 - Preparo | D8: 1° Turno | L8: BROMAZEPAM B1 NEO-84942026 - D8-20/05 | T8: 463057 - DIPIRONA MONOIDRATADA | Lotes:COMPLETA: 842026 / QA: 144022025 / 143912025 | D+8: 02/06/2026 | U8: 422223 - ACIDO ESTEARICO NF | Lotes: 95122026 | D+8: 30/05/2026 | V8: 422311 - PALMITATO DE ISOPROPILA | Lotes: 101842026 | D+8: 02/06/2026 | W8: 410502 - MALEATO DE TIMOLOL NEO | Lotes: 99482026 / 99492026 | D+8: 03/06/2026 | X8: 425403 - GLICEROL | Lotes: 94532026 / 94552026 / 94542026 / 94562026 | D+8: 21/05/2026/ 409968 - GLICERINA BI DESTILADA NEO | Lotes: QA - 83952026 | D+8: 06/06/2026 | Z8: 474231 - EXTRATO SENE ACIDO 45% QF 2 | Lotes: 102192026/ 102182026 | D+8: 02/06/2026 / 477641 - EXTRATO ACIDO DE SENE | Lotes: 102202026 | AA8: 474189 - LOSARTANA POTASSICA 5 | Lotes: 81102026 / 81112026 / 81122026 / 81142026 / 81152026/ 81162026/ 81172026/ 81182026 | D+8: 05/06/2026 | AB8: 471700 - DICLOFENACO DIETILAMONIO 1 | Lotes: 93872026 | AC8: 410433 - CLORIDRATO DE TRAMADOL A2 NEO | Lotes: 105002026 | D+8: 10/06/2026 | AD8: 410489 - ESTEARIL FUMARATO DE SODIO PRUV | Lotes: 109182026 | D+8: 11/06/2026 | AE8: 417654 - EXTR SECO PASSIFLORA INCARNATA 4-6% FLAV | Lotes: 103772026 / 103782026 | D+8: 11/06/2026 | AI8: 423571 - METOCEL TIPO E5LV PR LPR | Lotes: 108142026 | D+8: 10/06/2026 (atraso de documentação - entregue 09/06) | AJ8: 472567 - CARBOMER 974P | Lotes: 86562026/ 56182026 | D+8: 17/06/2026 | AK8: 425411 - E PROPILENOGLICOL MTC | Lotes: 105722026 | D+8: 13/06/2026 | AL8: 464152 - AZITROMICINA DIHIDRATADA | Lotes: 115172026 / 115192026 / 115192026 | D+8: 18/06/2026 | AV8: 487658 - FENITOINA 2 C1 | Lotes: 22242026 / 22252026 / 22262026 | D+8: 30/06/2026 | AW8: 410036 - NIPAGIN METILPARABENO NEO | Lotes: 106782026/ 121472026/ 129092026 | D+8: 26/06/2026 | AX8: 409966 - ALCOOL ISOPROPILICO ISOPROPANOL NEO | Lotes: QA - 122322026 / 103972026 | D+8: 02/07/2026 | AY8: 470046 - HIDROCLOROTIAZIDA | Lotes: 129992026 / 130002026 / 130012026 / 130022026 / 130032026 / 130042026/ 130052026| D+8: 04/07/2026 | AZ8: 474189 - LOSARTANA POTASSICA 5 | Lotes: 81242026 / 81252026 / 84952026 / 84972026 / 84982026 / 84992026 / 85002026/ 85012026/ 85022026| D+8: 02/07/2026 | BA8: {=IFERROR( INDEX( _xlfn._xlws.FILTER( 'ROTAS E FAMILIAS'!$C$5:$C$1051, (TEXT('ROTAS E FAMILIAS'!$E$5:$E$1051,"DD/MM/AAAA")=TEXT(BA$4,"DD/MM/AAAA")) *('ROTAS E FAMILIAS'!$L$5:$L$1051<>"") ), ROWS($A$5:$A8)-MATCH($B8,$B$5:$B8,0)+1 ), "" )} | BC8: 425435 - E CETIL ESTER WAX/ CRODAMOL SS MTC | Lotes: 93222026 | D+8: 02/07/2026 | BD8: 425403 - GLICEROL | Lotes: 126602026 / 124012026 | D+8: 08/07/2026 | BE8: 410385 - TIBOLONA MICRONIZADA NEO | Lotes: 216832025/ 286782025 | D+8: 02/07/2026 | BF8: 464152 - AZITROMICINA DIHIDRATADA | Lotes: 127352026 / 127362026/ 127372026 / 127382026 | D+8: 10/07/2026 | BG8: 425477 - A MAL DEXCLORFENIRAMINA MTC | Lotes: 93772026 | D+8: 11/07/2026 | BI8: 410343 - DROPROPIZINA NEO | Lotes: 0156082026/005762026 HT 30 DIAS | D+8: 08/07/2026 | BJ8: 422377 - CLORIDRATO OXOMEMAZINA | Lotes: 24022025 /139122026 | D+8: 10/07/2026 | BK8: 463126 - NAPROXENO SODICO QF1 | Lotes: 134772026 / 134782026 / 0134822026/ 0134802026| D+8: 18/07/2026 | BM8: 410049 - SORBITOL NEO | Lotes: 64632026 | D+8: 04/07/2026 | BP8: 210201 - CANFORA | Lotes: 121022026 | D+8: 15/07/2026 | BQ8: 457350 - LEVOMENTOL | Lotes: 101792026 / 101802026 / 101872026 / 108112026 / | D+8: 16/07/2026 422303 - MENTOL USP F | Lotes: 132722026 | D+8: 24/07/2026 425446 - E D,L MENTOL MTC | Lotes: 147552026 | D+8: 28/07/2026 | BR8: 449757 - CLORIDRATO DE TRAMADOL A-2 | Lotes: 138172026 | D+8: 23/07/2026 | BS8: 474189 - LOSARTANA POTASSICA 5 | Lotes: 85092026/84962026/85042026/85042026/84032026/85112026/85102026 D+8: 22/07/2026 | BT8: 463057 - DIPIRONA MONOIDRATADA | Lotes: 0122152026 | D+8 24/08/2026 | BV8: {=IFERROR( INDEX( _xlfn._xlws.FILTER( 'ROTAS E FAMILIAS'!$C$5:$C$1051, (TEXT('ROTAS E FAMILIAS'!$E$5:$E$1051,"DD/MM/AAAA")=TEXT(BV$4,"DD/MM/AAAA")) *('ROTAS E FAMILIAS'!$L$5:$L$1051<>"") ), ROWS($A$5:$A8)-MATCH($B8,$B$5:$B8,0)+1 ), "" )} | BW8: 475789 - ORLISTATE 2 | Lotes: 85472026 / 85482026 | D+8: 18/07/2026 | BX8: 410519 - TARTARATO DE BRIMONIDINA NEO | Lotes: 87782026/0099032026 | D+8: 28/07/2026 | BY8: {=IFERROR( INDEX( _xlfn._xlws.FILTER( 'ROTAS E FAMILIAS'!$C$5:$C$1051, (TEXT('ROTAS E FAMILIAS'!$E$5:$E$1051,"DD/MM/AAAA")=TEXT(BY$4,"DD/MM/AAAA")) *('ROTAS E FAMILIAS'!$L$5:$L$1051<>"") ), ROWS($A$5:$A8)-MATCH($B8,$B$5:$B8,0)+1 ), "" )} | BZ8: 470949 - LORATADINA QF | Lotes: 145722026 | D+8: 30/07/2026 | CA8: 460878 - MUCATO ISOMETEPTENO | Lotes: 131692026/149202026 | D+8: 04/08/2026 | CB8: 439344 - E ALCOOL BENZILICO GRAU FARMA MTC | Lotes: 109302026 | D+8: 23/07/2026 | CC8: {=IFERROR( INDEX( _xlfn._xlws.FILTER( 'ROTAS E FAMILIAS'!$C$5:$C$1051, (TEXT('ROTAS E FAMILIAS'!$E$5:$E$1051,"DD/MM/AAAA")=TEXT(CC$4,"DD/MM/AAAA")) *('ROTAS E FAMILIAS'!$L$5:$L$1051<>"") ), ROWS($A$5:$A8)-MATCH($B8,$B$5:$B8,0)+1 ), "" )} | CD8: 422312 - POLAWAX | Lotes: 113862026 | D+8: 24/07/2026 | CE8: 410015 - CROSCARMELOSE SODICA | Lotes: completo:155142026/ QA: 155152026 / 155162026 / 155172026 | D+8: 31/07/2026 | CF8: 414687 - OLANZAPINA C-1 NEO | Lotes: 0156802026 | D+8: 06/08/2026 | CG8: 410511 - ALCOOL POLIVINILICO PEG TALCO NEO | Lotes: 150172026 | D+8: 07/08/2026 | CH8: 410536 - CLOPIDOGREL BISSULFATO NEO | Lotes: 161982025 / 181022025 | D+8: 07/08/2026 | CI8: 465098 - DIOSMINA QF2 | Lotes: 155422026 / 155432026 / 155442026 / 155492026/ 155462026/ 155452026/ 155502026/ 155572026/ 155582026/ 155592026/ 155602026/ 155612026/| D+8: 05/08/2026 | CL8: 463952 - ALCOOL POLIVINILICO/PEG/TALCO | Lotes: 121702026 | D+8: 06/08/2026 | CM8: 423571 - METOCEL TIPO E5LV PR LPR | Lotes: 134412026 | D+8: 12/08/2026 | CN8: 477641 - EXTRATO ACIDO DE SENE | Lotes: 145362026 | D+8: 08/07/2026 | CO8: SA BATOQUE - B26F0634/ B26F0627/ B26F0628/ B26F0629/ B26F0633/ SA TAMPA - B26F0639/ B26F0637/ B26E2829/ SA FR PL 20ML SEM IMPRESSAO - B26F0630/ B26F0631/ B26F0632 | CP8: 409899 - CAFEINA NEO | Lotes: 165932025 / 165942025 | D+8: 07/08/2026 | CR8: 463126 - NAPROXENO SODICO QF1 | Lotes: 134862026 / 134852026/ 134892026 | D+8: 13/08/2026 | CS8: 410066 - CETOMACROGOL 1000 VOLPO CS 20 CRODA NEO | Lotes: 133402026 | D+8: 15/08/2026 | CT8: 425403 - GLICEROL | Lotes: 134442026 | D+8: 12/08/2026 | CU8: 472128 - OLMESARTANA MEDOXOMILA NP | Lotes: 163452026 | D+8: 21/08/2026 | CV8: 410075 - BHT BUTILHIDROXITOLUENO NEO | Lotes: 169032026/ 260092025 | D+8: 25/08/2026 | CZ8: 474189 - LOSARTANA POTASSICA 5 | Lotes: 85122026 / 85082026 / 85062026 / 85072026 | D+8: 22/08/2026 | DB8: 480736 - LEVONORGESTREL QF3 | Lotes: 137692026 | D+8: 25/08/2026 | DF8: 465099 - BESILATO DE ANLODIPINO 1 | Lotes: 170022026 | D+8: 25/08/2026 | Particularidades: Granulometria Backman Coulter | DG8: 414310 - ALCOOL ETILICO 96GL NEO | Lotes: 181292026 | DH8: 409982 - CLORETO DE METILENO NEO | Lotes: 165732026 | D+8: 27/08/2026 | Particularidades: Polícia Federal | DI8: 425407 - E CICLAMATO SODICO MTC | Lotes: 162352026 / 149852026 | D+8: 02/09/2026 | DJ8: 474298 - PROPILENOGLICOL | Lotes: 149832026 | D+8: 31/08/2026 | DN8: 459975 - OLEO RICINO HIDROGENADO PEG 40 | Lotes: 21582026 | D+8: 31/08/2026 - PROBLEMAS NO MÉTODO | DO8: 470046 - HIDROCLOROTIAZIDA | Lotes: 152722026 / 152712026 / 152732026 | D+8: 28/08/2026 | Particularidades: PF - repouso 24 horas | DP8: 425421 - E ALCOOL CETOESTEARILICO NF MTC | Lotes: 152472026 / 152482026 | D+8: 01/09/2026 | DQ8: 410036 - NIPAGIN METILPARABENO NEO | Lotes: 151032026 | D+8: 04/09/2026 | DR8: 414312 - ESTEARATO DE CALCIO NEO | Lotes: 175442026 | D+8: 10/09/2026 | DV8: 425484 - A DIP BETAMETASONA USP MICRON MTC | Lotes: 156782026 | D+8: 09/09/2026 | DW8: 422364 - CITRATO COLINA | Lotes: COMPLETO:42902026 / QA: 78622026 | D+8: 11/09/2026 | Particularidades: PF - repouso 24 horas | DX8: 422371 - CLORIDRATO DE FENILEFRINA | Lotes: 175972026 / 175982026 | D+8: 11/09/2026 | Particularidades: PF - repouso 24 horas | DY8: 425425 - E HIPROMELOSE 2910USP / 4000CPS MTC | Lotes: 150542026 | D+8: 11/09/2026 | EB8: 410049 - SORBITOL NEO | Lotes: 180182026 / 180172026 | D+8: 18/09/2026 | EC8: 462569 - ESTEARATO DE MAGNESIO VEG | Lotes: 190752026 | D+8: 18/09/2026 | ED8: 462455 - CLORIDRATO DE FEXOFENADINA | Lotes: 192192026 / 192202026 / 192212026 / 192222026 | D+8: 19/09/2026 | Particularidades: PF - repouso 16 horas | EE8: 463752 - TASTESENSE AROMA ART TUTTI FRUTTI PO | Lotes: 147532026 | D+8: 22/09/2026 | EI8: 409951 - CITRATO DE TRIETILA NEO | Lotes: 197162026 | D+8: 22/09/2026 | EJ8: 410334 - BROMAZEPAM B1 NEO | Lotes: 175952026 | D+8: 24/09/2026 | Particularidades: Portaria 344/ Ponto de fusão 24 horas | EK8: 410511 - ALCOOL POLIVINILICO PEG TALCO NEO | Lotes: 203762026 | D+8: 25/09/2026 | EL8: 463057 - DIPIRONA MONOIDRATADA | Lotes: COMPLETO: 132002026/ | D+8: 29/09/2026 | Particularidades: Polícia Federal | EM8: 425470 - E ALCOOL USP MTC | Lotes: 188052026 | D+8: 03/10/2026 | Particularidades: Inflamável | EP8: 409966 - ALCOOL ISOPROPILICO ISOPROPANOL NEO | Lotes: QA - 202872026/ 207932026 | D+8: 10/09/2026 | Particularidades: Inflamável/ Polícia Civil | EQ8: 465396 - SUCCINATO DE SOLIFENACINA 1 | Lotes: 179912026 | D+8: 30/09/2026 | ER8: 465148 - NITROFURANTOINA QF | Lotes: 192142026|/ 192152026 D+8: 02/10/2026 | ES8: 409968 - GLICERINA BI DESTILADA NEO | Lotes: QA - 112472026 | D+8: 07/10/2026 | Particularidades: Polícia Civil/ 425403 - GLICEROL | Lotes: 134452026 | D+8: 09/10/2026 | Particularidades: Polícia Civil | ET8: 425407 - E CLICLAMATO SODICO MTC | Lotes: 193042026 | EV8: 461405 - HIPROMELOSE 2208 K4M DC | Lotes: 162122025 | D+8: 08/10/2026 | FA8: {=IFERROR( INDEX( _xlfn._xlws.FILTER( 'ROTAS E FAMILIAS'!$C$5:$C$1015, (TEXT('ROTAS E FAMILIAS'!$E$5:$E$1015,"DD/MM/AAAA")=TEXT(EI$4,"DD/MM/AAAA")) *('ROTAS E FAMILIAS'!$N$5:$N$1015<>"") ), ROWS($A$5:$A13)-MATCH($B13,$B$5:$B13,0)+1 ), "" )} | FB8: {=IFERROR( INDEX( _xlfn._xlws.FILTER( 'ROTAS E FAMILIAS'!$C$5:$C$1015, (TEXT('ROTAS E FAMILIAS'!$E$5:$E$1015,"DD/MM/AAAA")=TEXT(EI$4,"DD/MM/AAAA")) *('ROTAS E FAMILIAS'!$N$5:$N$1015<>"") ), ROWS($A$5:$A13)-MATCH($B13,$B$5:$B13,0)+1 ), "" )} | FC8: {=IFERROR( INDEX( _xlfn._xlws.FILTER( 'ROTAS E FAMILIAS'!$C$5:$C$1015, (TEXT('ROTAS E FAMILIAS'!$E$5:$E$1015,"DD/MM/AAAA")=TEXT(EI$4,"DD/MM/AAAA")) *('ROTAS E FAMILIAS'!$N$5:$N$1015<>"") ), ROWS($A$5:$A13)-MATCH($B13,$B$5:$B13,0)+1 ), "" )} | FD8: {=IFERROR( INDEX( _xlfn._xlws.FILTER( 'ROTAS E FAMILIAS'!$C$5:$C$1015, (TEXT('ROTAS E FAMILIAS'!$E$5:$E$1015,"DD/MM/AAAA")=TEXT(EI$4,"DD/MM/AAAA")) *('ROTAS E FAMILIAS'!$N$5:$N$1015<>"") ), ROWS($A$5:$A13)-MATCH($B13,$B$5:$B13,0)+1 ), "" )} | FE8: {=IFERROR( INDEX( _xlfn._xlws.FILTER( 'ROTAS E FAMILIAS'!$C$5:$C$1015, (TEXT('ROTAS E FAMILIAS'!$E$5:$E$1015,"DD/MM/AAAA")=TEXT(EI$4,"DD/MM/AAAA")) *('ROTAS E FAMILIAS'!$N$5:$N$1015<>"") ), ROWS($A$5:$A13)-MATCH($B13,$B$5:$B13,0)+1 ), "" )} | FF8: {=IFERROR( INDEX( _xlfn._xlws.FILTER( 'ROTAS E FAMILIAS'!$C$5:$C$1015, (TEXT('ROTAS E FAMILIAS'!$E$5:$E$1015,"DD/MM/AAAA")=TEXT(EI$4,"DD/MM/AAAA")) *('ROTAS E FAMILIAS'!$N$5:$N$1015<>"") ), ROWS($A$5:$A13)-MATCH($B13,$B$5:$B13,0)+1 ), "" )} | FG8: {=IFERROR( INDEX( _xlfn._xlws.FILTER( 'ROTAS E FAMILIAS'!$C$5:$C$1015, (TEXT('ROTAS E FAMILIAS'!$E$5:$E$1015,"DD/MM/AAAA")=TEXT(EI$4,"DD/MM/AAAA")) *('ROTAS E FAMILIAS'!$N$5:$N$1015<>"") ), ROWS($A$5:$A13)-MATCH($B13,$B$5:$B13,0)+1 ), "" )} | FH8: {=IFERROR( INDEX( _xlfn._xlws.FILTER( 'ROTAS E FAMILIAS'!$C$5:$C$1015, (TEXT('ROTAS E FAMILIAS'!$E$5:$E$1015,"DD/MM/AAAA")=TEXT(EI$4,"DD/MM/AAAA")) *('ROTAS E FAMILIAS'!$N$5:$N$1015<>"") ), ROWS($A$5:$A13)-MATCH($B13,$B$5:$B13,0)+1 ), "" )} | FI8: {=IFERROR( INDEX( _xlfn._xlws.FILTER( 'ROTAS E FAMILIAS'!$C$5:$C$1015, (TEXT('ROTAS E FAMILIAS'!$E$5:$E$1015,"DD/MM/AAAA")=TEXT(EI$4,"DD/MM/AAAA")) *('ROTAS E FAMILIAS'!$N$5:$N$1015<>"") ), ROWS($A$5:$A13)-MATCH($B13,$B$5:$B13,0)+1 ), "" )} | FJ8: {=IFERROR( INDEX( _xlfn._xlws.FILTER( 'ROTAS E FAMILIAS'!$C$5:$C$1015, (TEXT('ROTAS E FAMILIAS'!$E$5:$E$1015,"DD/MM/AAAA")=TEXT(EI$4,"DD/MM/AAAA")) *('ROTAS E FAMILIAS'!$N$5:$N$1015<>"") ), ROWS($A$5:$A13)-MATCH($B13,$B$5:$B13,0)+1 ), "" )} | FK8: {=IFERROR( INDEX( _xlfn._xlws.FILTER( 'ROTAS E FAMILIAS'!$C$5:$C$1015, (TEXT('ROTAS E FAMILIAS'!$E$5:$E$1015,"DD/MM/AAAA")=TEXT(EI$4,"DD/MM/AAAA")) *('ROTAS E FAMILIAS'!$N$5:$N$1015<>"") ), ROWS($A$5:$A13)-MATCH($B13,$B$5:$B13,0)+1 ), "" )} | FL8: {=IFERROR( INDEX( _xlfn._xlws.FILTER( 'ROTAS E FAMILIAS'!$C$5:$C$1015, (TEXT('ROTAS E FAMILIAS'!$E$5:$E$1015,"DD/MM/AAAA")=TEXT(EI$4,"DD/MM/AAAA")) *('ROTAS E FAMILIAS'!$N$5:$N$1015<>"") ), ROWS($A$5:$A13)-MATCH($B13,$B$5:$B13,0)+1 ), "" )} | FM8: {=IFERROR( INDEX( _xlfn._xlws.FILTER( 'ROTAS E FAMILIAS'!$C$5:$C$1015, (TEXT('ROTAS E FAMILIAS'!$E$5:$E$1015,"DD/MM/AAAA")=TEXT(EI$4,"DD/MM/AAAA")) *('ROTAS E FAMILIAS'!$N$5:$N$1015<>"") ), ROWS($A$5:$A13)-MATCH($B13,$B$5:$B13,0)+1 ), "" )} | FN8: {=IFERROR( INDEX( _xlfn._xlws.FILTER( 'ROTAS E FAMILIAS'!$C$5:$C$1015, (TEXT('ROTAS E FAMILIAS'!$E$5:$E$1015,"DD/MM/AAAA")=TEXT(EI$4,"DD/MM/AAAA")) *('ROTAS E FAMILIAS'!$N$5:$N$1015<>"") ), ROWS($A$5:$A13)-MATCH($B13,$B$5:$B13,0)+1 ), "" )} | FO8: {=IFERROR( INDEX( _xlfn._xlws.FILTER( 'ROTAS E FAMILIAS'!$C$5:$C$1015, (TEXT('ROTAS E FAMILIAS'!$E$5:$E$1015,"DD/MM/AAAA")=TEXT(EI$4,"DD/MM/AAAA")) *('ROTAS E FAMILIAS'!$N$5:$N$1015<>"") ), ROWS($A$5:$A13)-MATCH($B13,$B$5:$B13,0)+1 ), "" )} | FP8: {=IFERROR( INDEX( _xlfn._xlws.FILTER( 'ROTAS E FAMILIAS'!$C$5:$C$1015, (TEXT('ROTAS E FAMILIAS'!$E$5:$E$1015,"DD/MM/AAAA")=TEXT(EI$4,"DD/MM/AAAA")) *('ROTAS E FAMILIAS'!$N$5:$N$1015<>"") ), ROWS($A$5:$A12)-MATCH($B12,$B$5:$B12,0)+1 ), "" )} | FQ8: {=IFERROR( INDEX( _xlfn._xlws.FILTER( 'ROTAS E FAMILIAS'!$C$5:$C$1015, (TEXT('ROTAS E FAMILIAS'!$E$5:$E$1015,"DD/MM/AAAA")=TEXT(EI$4,"DD/MM/AAAA")) *('ROTAS E FAMILIAS'!$N$5:$N$1015<>"") ), ROWS($A$5:$A12)-MATCH($B12,$B$5:$B12,0)+1 ), "" )} | FR8: {=IFERROR( INDEX( _xlfn._xlws.FILTER( 'ROTAS E FAMILIAS'!$C$5:$C$1015, (TEXT('ROTAS E FAMILIAS'!$E$5:$E$1015,"DD/MM/AAAA")=TEXT(EI$4,"DD/MM/AAAA")) *('ROTAS E FAMILIAS'!$N$5:$N$1015<>"") ), ROWS($A$5:$A12)-MATCH($B12,$B$5:$B12,0)+1 ), "" )} | FS8: {=IFERROR( INDEX( _xlfn._xlws.FILTER( 'ROTAS E FAMILIAS'!$C$5:$C$1015, (TEXT('ROTAS E FAMILIAS'!$E$5:$E$1015,"DD/MM/AAAA")=TEXT(EI$4,"DD/MM/AAAA")) *('ROTAS E FAMILIAS'!$N$5:$N$1015<>"") ), ROWS($A$5:$A12)-MATCH($B12,$B$5:$B12,0)+1 ), "" )} | FT8: {=IFERROR( INDEX( _xlfn._xlws.FILTER( 'ROTAS E FAMILIAS'!$C$5:$C$1015, (TEXT('ROTAS E FAMILIAS'!$E$5:$E$1015,"DD/MM/AAAA")=TEXT(EI$4,"DD/MM/AAAA")) *('ROTAS E FAMILIAS'!$N$5:$N$1015<>"") ), ROWS($A$5:$A12)-MATCH($B12,$B$5:$B12,0)+1 ), "" )} | FU8: {=IFERROR( INDEX( _xlfn._xlws.FILTER( 'ROTAS E FAMILIAS'!$C$5:$C$1015, (TEXT('ROTAS E FAMILIAS'!$E$5:$E$1015,"DD/MM/AAAA")=TEXT(EI$4,"DD/MM/AAAA")) *('ROTAS E FAMILIAS'!$N$5:$N$1015<>"") ), ROWS($A$5:$A12)-MATCH($B12,$B$5:$B12,0)+1 ), "" )} | FV8: {=IFERROR( INDEX( _xlfn._xlws.FILTER( 'ROTAS E FAMILIAS'!$C$5:$C$1015, (TEXT('ROTAS E FAMILIAS'!$E$5:$E$1015,"DD/MM/AAAA")=TEXT(EI$4,"DD/MM/AAAA")) *('ROTAS E FAMILIAS'!$N$5:$N$1015<>"") ), ROWS($A$5:$A12)-MATCH($B12,$B$5:$B12,0)+1 ), "" )}
